condition,axis,windows,mean_of_mean_g,mean_std_g,min_std_g,max_std_g,mean_peak_g,min_peak_hz,max_peak_hz,overall_min_g,overall_max_g
Stationary,x,8,0.001177625,0.000649875,0.000589,0.000724,0.000354,0.488,10.254,-0.00116,0.003479
Stationary,y,8,0.00091175,0.000636375,0.000547,0.00077,0.00035225,0.488,3.418,-0.001892,0.004333
Stationary,z,8,-1.0192865,0.000794875,0.000608,0.001157,0.000384625,0.488,33.203,-1.023804,-1.013184
Slow,x,8,-0.004103625,0.154299,0.130686,0.171119,0.2165745,0.488,0.488,-0.289734,0.29303
Slow,y,8,0.033659125,0.030248,0.023587,0.040667,0.030878875,0.488,1.953,-0.056702,0.170654
Slow,z,8,-1.015756375,0.032058,0.021611,0.059065,0.0251305,0.977,3.906,-1.135193,-0.878235
Faster,x,8,-0.057873125,0.612747875,0.496947,0.792023,0.767501125,1.465,1.465,-1.35083,1.268005
Faster,y,8,0.113109625,0.13848225,0.098483,0.199665,0.160077,1.465,1.465,-0.235107,0.520691
Faster,z,8,-1.03522725,0.0742435,0.05773,0.106078,0.070403625,1.465,2.441,-1.314758,-0.822327
