student_code,github_username,email
256409EAXD,Alaminkhan907,alaminkhan907@gmail.com
IACM253431,ZaRdEr15,ajasts@taltech.ee
266058IV,tanishqvashishth,tanishq.vashishth09@gmail.com
260657IACM,rainparve,rparve@taltech.ee
253440IACM,reimoramman,reimor@taltech.ee
253428IACM,CatDisco,raviil@taltech.ee
IACM253439,kristjan-uus,kriuus@taltech.ee
266053IV,lukackamartin,lukackamartin@gmail.com
266043IV,IGINOI,davidefacchinelli2003@gmail.com
266047IV,robosg3,soreng@taltech.ee
IACM253429,ElegantSkillz,samroo@taltech.ee
253434IACM,makuke1234,makuke1234@gmail.com
262754IV,jorfernandez3,jordan@taltech.ee
256780IAXD,Nurech,joosep.parts@taltech.ee
253101IAPM,MarkkusKoddala,markkk@taltech.ee
266045IV,DebordZ,maxime.fournier05@gmail.com
266055IV,Max691,maxpor@taltech.ee
253427IACM,MilanaNEM2,mikolo@taltech.ee
266056IV,JaTaQue,jaime.tarazonaq@gmail.com
IACM253436,deems01,ukhind@taltech.ee
262762IV,miguelrkz,miguro@taltech.ee
