feature_index,start_index,end_index,start_sensor_timestamp_us,end_sensor_timestamp_us,baseline_normalized,raw_peak,raw_rms,raw_variance,lp035_peak,lp035_rms,lp035_variance,lp015_peak,lp015_rms,lp015_variance,gyro_peak_raw,compute_us
0,60,79,7020078,7481337,0.515319824,0.0132141110,0.00658248700,3.74735677e-05,0.0105748260,0.00549662900,2.23858748e-05,0.00696279400,0.00390061500,7.16734939e-06,560.552429,385
1,70,89,7262952,7724048,0.515319824,0.00491333000,0.00271947400,4.23198844e-06,0.00713232600,0.00279761100,7.27023553e-06,0.00644213300,0.00253654800,6.58028830e-06,560.552429,299
2,80,99,7505658,7967261,0.515319824,0.00759887700,0.00366799200,1.40091013e-05,0.00437286600,0.00282967600,8.33502236e-06,0.00252720500,0.00169750900,3.02225180e-06,263.161560,305
3,90,109,7748324,8210008,0.515319824,0.00759887700,0.00361787800,1.19526210e-05,0.00437286600,0.00256443300,5.62148398e-06,0.00252720500,0.00137210400,1.34937795e-06,521.189026,299
4,100,119,7991595,8452674,0.515319824,0.00506591800,0.00248245100,4.84698512e-06,0.00330485800,0.00189256900,2.42950023e-06,0.00200759800,0.00098522900,7.38257938e-07,521.189026,279
5,110,129,8234283,8695571,0.515319824,0.00506591800,0.00211181900,2.07922903e-06,0.00330485800,0.00173814600,1.32361197e-06,0.00200759800,0.00129469700,5.58214310e-07,107.084076,290
6,120,139,8476938,8938240,0.515319824,0.00317382800,0.00152863800,1.19272761e-06,0.00241701700,0.00147293000,5.81964457e-07,0.00189414100,0.00139543600,1.49365022e-07,107.084076,288
7,130,149,8719851,9180888,0.515319824,0.00317382800,0.00140087000,6.98126768e-07,0.00241701700,0.00130724200,3.79710144e-07,0.00176945400,0.00122452700,1.20159512e-07,92.6228943,284
8,140,159,8962507,9423540,0.515319824,0.00097656200,0.000751284000,1.76338568e-08,0.000868683000,0.000753145000,7.60986740e-09,0.00104470500,0.000851694000,4.50807169e-09,32.7108536,276
9,150,169,9205164,9666310,0.515319824,0.000915527000,0.000702037000,9.17597820e-09,0.000868683000,0.000720580000,7.23079241e-09,0.000860859000,0.000755659000,5.26878008e-09,19.6468830,299
10,160,179,9447876,9908963,0.515319824,0.000732422000,0.000602055000,4.94091124e-09,0.000671888000,0.000613674000,2.05031281e-09,0.000731062000,0.000650752000,2.37675035e-09,19.6468830,278
11,170,189,9690582,10151649,0.515319824,0.000854492000,0.000656944000,1.78323754e-08,0.000819702000,0.000631927000,8.40305336e-09,0.000733554000,0.000622329000,2.32176989e-09,14.1421356,277
12,180,199,9933228,10394822,0.515319824,0.000915527000,0.000726132000,2.05160562e-08,0.000875673000,0.000718505000,1.26848504e-08,0.000798370000,0.000692815000,6.24791330e-09,10.0498753,302
13,190,209,10175915,10637563,0.515319824,0.000915527000,0.000703064000,1.73789692e-08,0.000875673000,0.000708188000,1.10703383e-08,0.000798370000,0.000703864000,3.49759310e-09,10.0498753,301
14,200,219,10419153,10880203,0.515319824,0.000915527000,0.000715733000,9.30097155e-09,0.000810987000,0.000701968000,5.79889692e-09,0.000748687000,0.000695304000,1.92594607e-09,14.1421356,284
15,210,229,10661833,11123049,0.515319824,0.00167846700,0.00096394000,1.01651409e-07,0.00142828400,0.000870060000,4.26347877e-08,0.00113422700,0.000796831000,1.36120473e-08,65.0384521,297
16,220,239,10904474,11365709,0.515319824,0.0223083500,0.00608099400,2.50771132e-05,0.0121197330,0.00368542600,7.36639231e-06,0.00700792800,0.00238768500,2.42432361e-06,399.085205,285
17,230,249,11147320,11608363,0.515319824,0.120361328,0.0678387060,0.00231593600,0.108275101,0.0570919740,0.00179734500,0.0820582730,0.0389418270,0.000880248000,494.541199,276
18,240,259,11389980,11851212,0.515319824,0.120361328,0.0740023780,0.00213331900,0.108275101,0.0696961280,0.00131918500,0.0824524760,0.0581192900,0.000534403000,494.541199,297
19,250,269,11632627,12093873,0.515319824,0.107208252,0.0537302640,0.00281103500,0.0978670490,0.0520382110,0.00284147900,0.0824524760,0.0466806630,0.00174698400,615.580200,291
20,260,279,11875490,12336526,0.515319824,0.136779785,0.0959363730,0.00170358200,0.127175018,0.0886796560,0.00191462400,0.104115285,0.0673188120,0.00198149200,615.580200,281
21,270,289,12118151,12579303,0.515319824,0.136779785,0.0884203990,0.00315421900,0.127175018,0.0895796050,0.00209854900,0.104115285,0.0800178720,0.000607124000,576.694885,299
22,280,299,12360795,12822370,0.515319824,0.0700683590,0.0294863600,0.000911370000,0.0911624430,0.0382319470,0.00143557600,0.0959382500,0.0473341230,0.00137095800,576.694885,299
23,290,309,12603589,13065124,0.515319824,0.0255432130,0.0188751780,9.35335324e-05,0.0245832070,0.0179404320,5.44348360e-05,0.0191377510,0.0121692970,0.000105869000,445.135925,294
24,300,319,12846705,13307848,0.515319824,0.0234985350,0.0100713340,5.65876354e-05,0.0242035720,0.0112583590,6.17607721e-05,0.0164987500,0.0101679510,2.39252491e-05,288.480499,284
25,310,329,13089402,13550681,0.515319824,0.0259399410,0.0140767240,0.000102857000,0.0224662290,0.0126794700,6.71501102e-05,0.0168755870,0.0104661030,2.46019750e-05,293.402466,291
26,320,339,13332227,13793336,0.515319824,0.0259399410,0.0153256610,0.000107792000,0.0224662290,0.0136111920,6.12142822e-05,0.0168755870,0.0112516260,1.60527541e-05,463.630249,281
27,330,349,13574952,14035989,0.515319824,0.0167846680,0.00856912400,3.86475798e-05,0.0135471640,0.00721586500,1.83686004e-05,0.0103854720,0.00734681300,3.23689892e-06,463.630249,280
28,340,359,13817600,14278791,0.515319824,0.00787353500,0.00449727000,4.31186663e-06,0.0105093680,0.00527447600,3.87045930e-06,0.00981642100,0.00608385000,2.44982971e-06,338.724091,294
29,350,369,14060256,14521427,0.515319824,0.00631713900,0.00310046400,1.93806022e-06,0.00636793800,0.00343993500,2.04547632e-06,0.00622856800,0.00403558700,1.73365470e-06,402.208893,284
30,360,379,14303060,14764089,0.515319824,0.00308227500,0.00215106700,5.87311603e-07,0.00281023200,0.00222851100,2.10072400e-07,0.00339983200,0.00259788200,1.25683570e-07,402.208893,274
31,370,389,14545696,15006947,0.515319824,0.00308227500,0.00171231900,7.75593207e-07,0.00281023200,0.00178406300,6.48969603e-07,0.00269409300,0.00195024700,3.96735601e-07,64.2495117,294
32,380,399,14788364,15249998,0.515319824,0.00158691400,0.00114021000,1.08550544e-07,0.00142541700,0.00112853800,5.38838372e-08,0.00162636200,0.00128006800,1.17384385e-08,46.1519241,304
33,390,409,15031218,15492805,0.515319824,0.00158691400,0.00118764000,7.65547119e-08,0.00142541700,0.00116170200,3.65092876e-08,0.00133898400,0.00117368300,1.42274386e-08,25.6320114,290
34,400,419,15274389,15735589,0.515319824,0.00155639600,0.00124898600,8.13583787e-08,0.00147270200,0.00121297000,4.83619930e-08,0.00135678700,0.00118855000,1.68596282e-08,16.1245155,292
35,410,429,15517073,15978254,0.515319824,0.00497436500,0.00226405700,1.28560498e-06,0.00391408600,0.00188427200,5.54270116e-07,0.00280858400,0.00157792400,1.84082069e-07,159.263931,280
36,420,439,15759861,16220904,0.515319824,0.0714111330,0.0251465290,0.000431976000,0.0506367530,0.0170792450,0.000195008000,0.0305874790,0.0103376210,6.66655387e-05,501.406036,282
37,430,449,16002525,16463762,0.515319824,0.117523193,0.0746784210,0.00176998000,0.107461311,0.0681772010,0.00165880700,0.0848222970,0.0517458950,0.00106839400,750.179321,297
38,440,459,16245172,16706422,0.515319824,0.117523193,0.0826290180,0.00626725300,0.107461311,0.0743346590,0.00397871100,0.0848222970,0.0588912890,0.00128956000,750.179321,279
39,450,469,16488040,16949069,0.515319824,0.135345459,0.0994921700,0.00326055500,0.130368397,0.0910923700,0.00444726800,0.107170746,0.0680973750,0.00395460800,750.031311,288
40,460,479,16730688,17191716,0.515319824,0.135345459,0.0955537260,0.00326537600,0.130368397,0.0958932940,0.00203694000,0.107170746,0.0813083650,0.000596744000,777.296570,287
41,470,489,16973335,17434560,0.515319824,0.0960998540,0.0363754820,0.00137465700,0.112744153,0.0470900350,0.00201724800,0.105510108,0.0542104210,0.00161543600,777.296570,294
42,480,499,17216116,17677609,0.515319824,0.0227050780,0.0195622760,3.84503619e-06,0.0209755840,0.0182984900,1.36637189e-05,0.0244938270,0.0135515390,0.000157736000,406.040649,305
43,490,509,17458834,17920441,0.515319824,0.0204772950,0.0154283320,1.35941016e-05,0.0201539420,0.0161814040,1.21566925e-05,0.0165154670,0.0144863470,2.29746911e-06,291.073883,297
44,500,519,17701980,18163251,0.515319824,0.0128479000,0.00982067400,1.37610848e-05,0.0154864930,0.0108442820,1.08948814e-05,0.0157856510,0.0121471340,6.57676946e-06,210.335449,294
45,510,529,17944715,18405912,0.515319824,0.0125122070,0.00671259800,9.76977026e-06,0.0119428010,0.00720857900,7.80131813e-06,0.0125149980,0.00840132500,6.45168438e-06,210.335449,287
46,520,539,18187527,18648573,0.515319824,0.00903320300,0.00472960400,4.84982820e-06,0.00709400000,0.00443228800,2.34416552e-06,0.00670290200,0.00509666000,1.44804062e-06,166.174606,276
47,530,549,18430186,18891372,0.515319824,0.00476074200,0.00285194100,2.21669234e-06,0.00415376900,0.00287388700,1.04093840e-06,0.00485016200,0.00345823200,5.92269316e-07,270.229523,295
48,540,559,18672842,19134034,0.515319824,0.00399780300,0.00199989100,9.12205962e-07,0.00409918000,0.00220522000,6.92453681e-07,0.00395301000,0.00253043100,4.99504835e-07,270.229523,276
49,550,569,18915650,19376690,0.515319824,0.00274658200,0.00182817900,3.55333867e-07,0.00238079000,0.00174776300,1.41142252e-07,0.00220576800,0.00182126400,5.71380092e-08,227.565369,284
50,560,579,19158305,19619608,0.515319824,0.00219726600,0.00150640600,1.86107655e-07,0.00201127900,0.00147775000,9.87448476e-08,0.00182995000,0.00154501000,2.75835209e-08,79.6052780,307
51,570,589,19400955,19862283,0.515319824,0.00137329100,0.00114944400,2.31629717e-08,0.00159870000,0.00120007800,2.01930061e-08,0.00169063800,0.00131271300,2.72787976e-08,22.3383083,279
52,580,599,19643889,20105367,0.515319824,0.00137329100,0.00105126300,2.67118022e-08,0.00127265300,0.00106810500,1.17542588e-08,0.00122622200,0.00112834200,5.21443821e-09,18.1383572,301
53,590,609,19886551,20348324,0.515319824,0.00125122100,0.00105449200,2.04768413e-08,0.00123310800,0.00106151400,1.38187220e-08,0.00120171700,0.00107142400,5.21313481e-09,7.34846926,299
54,600,619,20129747,20590976,0.515319824,0.00134277300,0.00117427300,1.34404548e-08,0.00129354200,0.00113537700,1.06434069e-08,0.00122054400,0.00110114200,5.08498710e-09,7.34846926,287
55,610,629,20372609,20833636,0.515319824,0.00863647500,0.00296433200,3.91762069e-06,0.00569446600,0.00215714600,1.37307597e-06,0.00366844000,0.00165953900,4.34961038e-07,97.1287842,275
56,620,639,20615243,21076338,0.515319824,0.124114990,0.0613635740,0.00225410400,0.110205129,0.0480157170,0.00146765100,0.0762756910,0.0307864530,0.000616314000,532.068604,285
57,630,649,20857901,21319175,0.515319824,0.124114990,0.0783071820,0.00212136200,0.112050816,0.0734734160,0.00134508700,0.0869410340,0.0605223140,0.000772862000,629.658630,294
58,640,659,21100735,21561838,0.515319824,0.139282227,0.0959555210,0.00864636100,0.125114501,0.0885218530,0.00815016800,0.0901307760,0.0654216110,0.00424809700,726.612671,287
59,650,669,21343454,21804499,0.515319824,0.139282227,0.108484268,0.000884224000,0.125309408,0.102832764,0.00102363200,0.105592534,0.0804147870,0.00167659300,740.445801,283
60,660,679,21586108,22047292,0.515319824,0.125671387,0.0718354660,0.00364036200,0.125309408,0.0783641190,0.00326463200,0.105592534,0.0759877860,0.00142236000,750.531799,300
61,670,689,21828765,22289957,0.515319824,0.0312194820,0.0235511870,0.000205183000,0.0505303670,0.0252957250,0.000550250000,0.0744377150,0.0313176100,0.000925753000,750.531799,278
62,680,699,22071578,22533007,0.515319824,0.0312194820,0.0234113060,2.25500641e-05,0.0286411290,0.0238258520,1.13286904e-05,0.0219880920,0.0179273340,2.34642899e-05,527.069275,292
63,690,709,22314221,22775976,0.515319824,0.0275878910,0.0213772780,3.08587619e-05,0.0252941870,0.0216601660,9.81621088e-06,0.0230915290,0.0208869890,1.83920861e-06,416.430054,306
64,700,719,22557380,23018654,0.515319824,0.0275878910,0.0155867650,0.000114620000,0.0252941870,0.0158563140,8.55416644e-05,0.0230915290,0.0167518130,4.21594553e-05,416.430054,280
65,710,729,22800259,23261299,0.515319824,0.00625610400,0.00231570900,1.35495429e-06,0.0114912970,0.00416037800,7.41323311e-06,0.0166063460,0.00780910200,1.87049679e-05,350.730652,276
66,720,739,23042921,23504074,0.515319824,0.00222778300,0.00154319100,1.48175871e-07,0.00196603100,0.00155970400,7.28571968e-08,0.00454885700,0.00269389900,8.89244688e-07,93.0000000,296
67,730,749,23285565,23746725,0.515319824,0.00164794900,0.00112652900,5.47299053e-08,0.00146988800,0.00118168000,3.18051857e-08,0.00216810800,0.00151909200,1.15160326e-07,40.7308235,279
68,740,759,23528350,23989362,0.515319824,0.00115966800,0.000828455000,5.72003629e-08,0.00113026400,0.000856586000,4.90936282e-08,0.00136951500,0.00101507000,5.86316553e-08,20.2484570,284
69,750,769,23770987,24232186,0.515319824,0.00106811500,0.000809982000,4.56127468e-08,0.00096955400,0.000787039000,2.69698127e-08,0.000951981000,0.000815027000,7.04473901e-09,14.1421356,288
70,760,779,24013623,24474848,0.515319824,0.00143432600,0.00112630100,3.64098116e-08,0.00135603800,0.00106681100,2.91836809e-08,0.00123252600,0.00097955600,2.08291924e-08,8.66025448,278
71,770,789,24256461,24717485,0.515319824,0.00143432600,0.00116261600,5.52200768e-08,0.00136207600,0.00116668800,2.78363782e-08,0.00125785500,0.00112897400,1.10433954e-08,7.81024981,282
72,780,799,24499112,24960554,0.515319824,0.00137329100,0.00100876600,5.15536052e-08,0.00136207600,0.00102648300,3.74550271e-08,0.00125785500,0.00105762200,1.89111942e-08,12.2065554,293
73,790,809,24741751,25203397,0.515319824,0.0375366210,0.0120891890,0.000107443000,0.0247343870,0.00773990500,4.25233114e-05,0.0142996590,0.00454429800,1.31078821e-05,501.399048,303
74,800,819,24984923,25446061,0.515319824,0.114898682,0.0680881370,0.00201304800,0.107515216,0.0576801300,0.00161813500,0.0837541820,0.0405000670,0.000856999000,530.747559,279
75,810,829,25227671,25688752,0.515319824,0.114898682,0.0822909470,0.00452354600,0.107515216,0.0738730130,0.00228783700,0.0868509780,0.0603197370,0.000723406000,921.901306,280
76,820,839,25470325,25931562,0.515319824,0.161560059,0.114951484,0.00876000100,0.152130947,0.105039962,0.00934586600,0.119701803,0.0762489890,0.00596075800,921.901306,299
77,830,849,25713019,26174219,0.515319824,0.161560059,0.116877638,0.00333607100,0.152130947,0.114200048,0.00183012900,0.120766610,0.0927009810,0.000913734000,998.131775,289
78,840,859,25955833,26416882,0.515319824,0.126800537,0.0605763610,0.00379972700,0.139146894,0.0692934390,0.00435567800,0.120766610,0.0710727870,0.00277551400,998.131775,279
79,850,869,26198496,26659674,0.515319824,0.0521240230,0.0369161930,0.000153432000,0.0483959880,0.0343328080,0.000193602000,0.0422923270,0.0258484350,0.000529750000,900.644775,296
80,860,879,26441146,26902334,0.515319824,0.0444335940,0.0224484430,0.000105487000,0.0470091510,0.0261817780,0.000135107000,0.0312768070,0.0243244410,3.55205588e-05,365.116425,278
81,870,889,26683953,27144986,0.515319824,0.0179138180,0.0109585940,2.19689588e-05,0.0200676690,0.0123843230,1.87479106e-05,0.0236386750,0.0155782910,2.15800953e-05,365.116425,282
82,880,899,26926602,27388220,0.515319824,0.0131225590,0.00634073100,2.85895708e-05,0.0118026390,0.00660972100,2.57397984e-05,0.0133465250,0.00838853600,2.26870467e-05,332.302582,304
83,890,909,27169251,27630999,0.515319824,0.00448608400,0.00240773800,5.10471637e-06,0.00311934500,0.00192421800,2.51541974e-06,0.00582412700,0.00271367100,1.10278165e-06,332.302582,291
84,900,919,27412569,27873663,0.515319824,0.00427246100,0.00202607800,1.19155368e-06,0.00311934500,0.00202061800,6.06871083e-07,0.00270668600,0.00203509500,2.14211198e-07,305.150787,285
85,910,929,27655276,28116479,0.515319824,0.00201416000,0.00121481400,4.13497417e-07,0.00177229500,0.00115977200,2.61881467e-07,0.00181027600,0.00131540900,1.82975668e-07,187.213776,291
86,920,939,27897931,28359141,0.515319824,0.00143432600,0.00107448300,1.89330521e-07,0.00125599700,0.00099330800,1.25741209e-07,0.00118081500,0.00099304000,2.17369711e-08,48.7647400,286
87,930,949,28140758,28601783,0.515319824,0.00131225600,0.00101210800,8.06721436e-08,0.00125599700,0.00105453900,4.23833870e-08,0.00118081500,0.00105640100,1.20521920e-08,48.7647400,282
88,940,959,28383405,28844486,0.515319824,0.00122070300,0.000718687000,2.36565739e-07,0.00119023800,0.000707601000,1.76693376e-07,0.00116391000,0.000774928000,1.08964713e-07,26.5518360,280
89,950,969,28626042,29087331,0.515319824,0.00134277300,0.000932610000,3.50863530e-07,0.00126359300,0.000811961000,2.30443604e-07,0.00108554700,0.000692409000,7.38300293e-08,25.1992054,293
90,960,979,28868875,29329986,0.515319824,0.103027344,0.0329614360,0.000880386000,0.0673778360,0.0202312320,0.000333074000,0.0372347760,0.0109862510,9.59665617e-05,482.728699,289
91,970,989,29111605,29572641,0.515319824,0.152130127,0.0889887740,0.00321116800,0.135535091,0.0815629880,0.00271087700,0.101037398,0.0617825720,0.00167023300,1148.90295,275
92,980,999,29354251,29815829,0.515319824,0.154418945,0.114367247,0.0137486390,0.137757763,0.0996647250,0.0098810440,0.101037398,0.0701883210,0.00368165600,1148.90295,297
93,990,1009,29596904,30058591,0.515319824,0.158203125,0.121619225,0.00197055000,0.151972726,0.113911666,0.00337040500,0.122274637,0.0871485320,0.00412199600,987.207703,298
94,1000,1019,29840162,30301249,0.515319824,0.158203125,0.0974741130,0.00699245400,0.151972726,0.101130947,0.00544251600,0.122274637,0.0893672560,0.00187149500,1066.70984,283
95,1010,1029,30082868,30544144,0.515319824,0.0696105960,0.0475066830,0.00113988400,0.0782561000,0.0483948740,0.00193847500,0.0977160780,0.0469492230,0.00228452900,1066.70984,298
96,1020,1039,30325537,30786800,0.515319824,0.0696105960,0.0382434950,0.000376403000,0.0624825100,0.0403956960,0.000310617000,0.0389573430,0.0305011610,4.59021023e-05,566.229614,280
97,1030,1049,30568416,31029447,0.515319824,0.0217285160,0.0141163860,3.87582398e-05,0.0295188540,0.0169393700,4.98210604e-05,0.0330636760,0.0213653050,5.12740837e-05,416.650940,279
98,1040,1059,30811070,31272232,0.515319824,0.0150756840,0.00629643500,1.65722083e-05,0.0160396920,0.00775753700,2.19327100e-05,0.0198537670,0.0111476210,2.93713361e-05,338.569061,296
99,1050,1069,31053716,31514891,0.515319824,0.00314331100,0.00194613900,3.92574520e-07,0.00387779500,0.00224500200,5.73304475e-07,0.00793324800,0.00423934200,3.49311858e-06,278.097107,279
100,1060,1079,31296507,31757553,0.515319824,0.00180053700,0.00140170100,3.41623828e-08,0.00172704600,0.00142610000,2.42709228e-08,0.00307012700,0.00199173700,2.74797628e-07,26.6833286,282
101,1070,1089,31539160,32000383,0.515319824,0.00143432600,0.00121864100,4.91248139e-08,0.00137785400,0.00124893400,2.23609928e-08,0.00168149800,0.00140827000,2.42923812e-08,17.7482395,290
102,1080,1099,31781817,32243463,0.515319824,0.00140380900,0.00097419900,6.60038132e-08,0.00137785400,0.00101868000,6.07130765e-08,0.00141016100,0.00112027300,4.83727222e-08,4.58257580,300
103,1090,1109,32024663,32486209,0.515319824,0.00131225600,0.00096786900,4.70048315e-08,0.00120204400,0.000953923000,2.83936569e-08,0.00108301400,0.00096908500,7.34539496e-09,8.12403870,296
104,1100,1119,32267816,32728869,0.515319824,0.00131225600,0.00107389800,1.98910894e-08,0.00120204400,0.00105398200,7.47984696e-09,0.00108301400,0.00102126500,2.10793094e-09,8.12403870,281
105,1110,1129,32510491,32971644,0.515319824,0.00115966800,0.00104942300,5.89184079e-09,0.00110418100,0.00103370600,2.41823539e-09,0.00107276000,0.00102849600,5.80836101e-10,8.12403870,300
106,1120,1139,32753202,33214293,0.515319824,0.00115966800,0.00106041400,3.24492389e-09,0.00110579200,0.00105868100,1.59954694e-09,0.00108807100,0.00105419400,6.03002314e-10,7.14142847,279
107,1130,1149,32995912,33456994,0.515319824,0.0315551760,0.00906514800,6.34932212e-05,0.0185736340,0.00534118400,2.02186836e-05,0.0102141900,0.00308604000,5.44789100e-06,172.394897,283
108,1140,1159,33238557,33699843,0.515319824,0.117919922,0.0690826180,0.00227985000,0.108372293,0.0585180890,0.00181544600,0.0839459150,0.0404489640,0.000922537000,831.315796,304
109,1150,1169,33481265,33942517,0.515319824,0.117919922,0.0792514680,0.00390766100,0.108372293,0.0720027310,0.00208380500,0.0849725010,0.0587572720,0.000688730000,959.276794,281
110,1160,1179,33724127,34185176,0.515319824,0.150329590,0.103769630,0.00709211200,0.140890464,0.0951812420,0.00776888700,0.109705843,0.0697897000,0.00504874900,959.276794,286
111,1170,1189,33966786,34427985,0.515319824,0.150329590,0.109915130,0.00217577600,0.140890464,0.107117489,0.00119398800,0.111107327,0.0870620830,0.000840372000,1181.78589,298
112,1180,1199,34209446,34671053,0.515319824,0.119049072,0.0604098740,0.00363185900,0.129805133,0.0682546120,0.00391322600,0.111107327,0.0694599450,0.00232804400,1181.78589,304
113,1190,1209,34452262,34913817,0.515319824,0.0457763670,0.0352495160,0.000133868000,0.0443206990,0.0326527100,0.000235084000,0.0490609710,0.0260701960,0.000617756000,1149.02258,291
114,1200,1219,34695391,35156703,0.515319824,0.0457458500,0.0237802620,0.000153480000,0.0443206990,0.0264608660,0.000155854000,0.0303969530,0.0233535710,3.58265310e-05,568.692383,291
115,1210,1229,34938092,35399361,0.515319824,0.0151367190,0.0112171300,6.45087948e-06,0.0170651530,0.0122170950,5.76630146e-06,0.0221541970,0.0151781190,1.22132185e-05,448.696991,286
116,1220,1239,35180979,35642004,0.515319824,0.0139465330,0.00785442300,1.77274285e-05,0.0126452540,0.00822717500,1.38130179e-05,0.0129827600,0.00976818000,1.05831330e-05,297.623932,282
117,1230,1249,35423626,35884806,0.515319824,0.00424194300,0.00244458000,1.01605087e-06,0.00654106900,0.00316155900,1.97053009e-06,0.00924338800,0.00502130900,4.58722798e-06,297.623932,297
118,1240,1259,35666265,36127464,0.515319824,0.00183105500,0.00115094200,1.27392667e-07,0.00257635300,0.00140515500,2.81472239e-07,0.00404253700,0.00226170800,8.60469242e-07,22.7156334,285
119,1250,1269,35909087,36370113,0.515319824,0.000946045000,0.000752894000,1.06342329e-08,0.00109490300,0.000802144000,1.81282773e-08,0.00175941300,0.00111629400,1.00269339e-07,13.3790884,276
120,1260,1279,36151738,36612819,0.515319824,0.000762939000,0.000643588000,5.73253534e-09,0.000722974000,0.000655986000,2.06516959e-09,0.000940510000,0.000750480000,8.28071567e-09,10.0995045,276
121,1270,1289,36394375,36855603,0.515319824,0.000671387000,0.000580797000,4.89189445e-09,0.000650458000,0.000589913000,2.26967289e-09,0.000724606000,0.000626655000,2.70625988e-09,9.00000000,299
122,1280,1299,36637160,37098695,0.515319824,0.000915527000,0.000650926000,1.57319986e-08,0.000797649000,0.000625420000,8.34433411e-09,0.000717492000,0.000611959000,2.37756170e-09,8.30662346,292
123,1290,1309,36879883,37341409,0.515319824,0.000915527000,0.000731913000,8.58777405e-09,0.000799010000,0.000714963000,5.22228616e-09,0.000748762000,0.000687363000,3.46566265e-09,9.05538559,301
124,1300,1319,37123018,37584261,0.515319824,0.000854492000,0.000677325000,1.27346106e-08,0.000799010000,0.000696805000,6.31844932e-09,0.000748762000,0.000704544000,1.84198645e-09,14.2478065,292
125,1310,1329,37365687,37826919,0.515319824,0.0224914550,0.00624521500,3.10847313e-05,0.0127638970,0.00357246800,9.38439280e-06,0.00690010600,0.00202651700,2.46014747e-06,318.102173,289
126,1320,1339,37608539,38069585,0.515319824,0.117279053,0.0672162620,0.00230105700,0.106607191,0.0565165470,0.00179273900,0.0814507380,0.0384961520,0.000881817000,645.631470,276
127,1330,1349,37851188,38312447,0.515319824,0.117279053,0.0774701680,0.00271279600,0.106607191,0.0718557390,0.00141056100,0.0827005360,0.0597960580,0.000572237000,858.004089,298
128,1340,1359,38093860,38555114,0.515319824,0.162139893,0.108299464,0.00884568900,0.149731249,0.0983047190,0.00890467500,0.112485208,0.0711788390,0.00532530700,858.004089,280
129,1350,1369,38336723,38797765,0.515319824,0.162139893,0.116902597,0.00191774800,0.149731249,0.112151362,0.00123693000,0.114411965,0.0896236370,0.00117277400,850.217041,288
130,1360,1379,38579383,39040567,0.515319824,0.123931885,0.0647153330,0.00387463500,0.136031792,0.0731391160,0.00393085600,0.114411965,0.0748288560,0.00216018000,850.217041,297
131,1370,1389,38822027,39283228,0.515319824,0.0546569820,0.0361130870,0.000308786000,0.0486574280,0.0341408890,0.000549442000,0.0621167910,0.0304273400,0.000956432000,840.719910,288
132,1380,1399,39064843,39526289,0.515319824,0.0504150390,0.0277249330,0.000112203000,0.0486574280,0.0305792040,0.000111991000,0.0303224250,0.0257191710,1.05721809e-05,370.743835,294
133,1390,1409,39307495,39769285,0.515319824,0.0244750980,0.0149986570,4.29732093e-05,0.0241462010,0.0163341980,4.21699800e-05,0.0257281160,0.0189465340,3.29470381e-05,370.743835,298
134,1400,1419,39550610,40011950,0.515319824,0.00906372100,0.00644521200,7.00202372e-06,0.0126095810,0.00760446600,8.04571482e-06,0.0174059590,0.0106759560,1.38404983e-05,213.433838,287
135,1410,1429,39793570,40254605,0.515319824,0.00741577100,0.00317198600,4.00728231e-06,0.00791067000,0.00386277400,5.43127908e-06,0.00971495100,0.00548586900,7.12498240e-06,196.898453,282
136,1420,1439,40036217,40497260,0.515319824,0.00158691400,0.00122741800,8.32577873e-08,0.00183618700,0.00130880500,4.59056006e-08,0.00391721300,0.00218478300,5.18082629e-07,34.2928581,276
137,1430,1449,40278875,40740029,0.515319824,0.00146484400,0.00113659000,3.94194539e-08,0.00146409000,0.00116053700,3.57665893e-08,0.00183595100,0.00136249200,7.01829484e-08,23.9582977,295
138,1440,1459,40521593,40982687,0.515319824,0.00146484400,0.00117819200,4.55857888e-08,0.00136683200,0.00116625600,2.99994159e-08,0.00129641100,0.00118604200,6.93663882e-09,14.1774473,283
139,1450,1469,40764311,41225401,0.515319824,0.00146484400,0.00121258900,2.59201777e-08,0.00136683200,0.00121767900,1.18579971e-08,0.00129641100,0.00120708400,2.97977820e-09,12.0415945,277
140,1460,1479,41006957,41468219,0.515319824,0.00122070300,0.000946389000,6.04869463e-08,0.00115553900,0.00098640500,3.87268844e-08,0.00118243800,0.00105761800,2.07676736e-08,9.11043358,297
141,1470,1489,41249666,41710861,0.515319824,0.00247192400,0.00102996300,3.23166489e-07,0.00174707800,0.000863594000,1.02153820e-07,0.00119999700,0.000864217000,3.34297386e-08,38.9486847,282
142,1480,1499,41492498,41953928,0.515319824,0.137329102,0.0582867230,0.00235112800,0.111744396,0.0426394010,0.00131801300,0.0713264940,0.0256960490,0.000485338000,778.208862,304
143,1490,1509,41735132,42196874,0.515319824,0.140075684,0.0887830260,0.00248248800,0.127453968,0.0833019240,0.00192871700,0.0982092690,0.0670529530,0.00129218700,1348.57886,302
144,1500,1519,41978291,42439535,0.515319824,0.142272949,0.105945893,0.0115992470,0.134167418,0.0969903770,0.00982604500,0.0982092690,0.0717770900,0.00443412300,1348.57886,287
145,1510,1529,42221149,42682191,0.515319824,0.142272949,0.113461874,0.00096215100,0.135573074,0.106296696,0.00173729400,0.108847842,0.0817219610,0.00264933400,867.143616,279
146,1520,1539,42463801,42925089,0.515319824,0.138183594,0.0816175270,0.00280527400,0.135573074,0.0894703720,0.00228950800,0.108847842,0.0857200700,0.000774174000,869.966064,298
147,1530,1549,42706452,43167744,0.515319824,0.0604248050,0.0381370190,0.00136723000,0.0779129560,0.0411599870,0.00178310500,0.0911321120,0.0466180260,0.00171137800,869.966064,288
148,1540,1559,42949363,43410412,0.515319824,0.0496826170,0.0381072310,9.41057574e-05,0.0439265630,0.0364985730,7.00305308e-05,0.0345813930,0.0267954840,0.000225887000,574.263855,283
149,1550,1569,43192009,43653195,0.515319824,0.0410461430,0.0231546090,0.000226962000,0.0418188610,0.0258324160,0.000222562000,0.0345813930,0.0256210380,9.45534325e-05,440.886597,294
150,1560,1579,43434687,43895865,0.515319824,0.00799560500,0.00543098400,2.59939725e-06,0.0169272290,0.00727336400,9.81864468e-06,0.0246283260,0.0122988990,3.01363703e-05,319.405701,283
151,1570,1589,43677472,44138523,0.515319824,0.0104370120,0.00684357300,3.49719221e-06,0.00872608800,0.00648050800,2.05774518e-06,0.00843006300,0.00706137000,2.73273912e-07,309.672394,275
152,1580,1599,43920136,44381661,0.515319824,0.0104370120,0.00572655700,1.13300392e-05,0.00872608800,0.00587069800,7.47135755e-06,0.00779528000,0.00615377700,2.94137612e-06,266.732086,296
153,1590,1609,44162788,44624492,0.515319824,0.00598144500,0.00213263100,1.99199121e-06,0.00728818300,0.00292471900,3.63418576e-06,0.00739699800,0.00383743000,3.67805364e-06,140.556046,301
154,1600,1619,44406029,44867174,0.515319824,0.00189209000,0.00125692100,8.26695858e-08,0.00163714500,0.00121696000,4.34536384e-08,0.00228145300,0.00163368800,1.31480178e-07,34.7131081,282
155,1610,1629,44648777,45109823,0.515319824,0.00119018600,0.000933085000,3.71034008e-08,0.00114170200,0.00097653500,2.59099601e-08,0.00148105500,0.00114377600,3.48709715e-08,11.0905361,282
156,1620,1639,44891437,45352630,0.515319824,0.00119018600,0.000898145000,3.31624360e-08,0.00109747800,0.000893672000,2.15429041e-08,0.00116313600,0.000938909000,1.26179572e-08,14.5602198,289
157,1630,1649,45134089,45595292,0.515319824,0.00170898400,0.00123835200,6.91237424e-08,0.00153310800,0.00115958400,6.55283322e-08,0.00138166500,0.00106646400,3.72701084e-08,17.2916164,285
158,1640,1659,45376905,45837957,0.515319824,0.0304260250,0.00856426700,5.38666274e-05,0.0174501130,0.00506375500,1.62767844e-05,0.00971802000,0.00305423800,4.54150040e-06,224.946655,275
159,1650,1669,45619559,46080846,0.515319824,0.124176025,0.0720287710,0.00252069800,0.113233998,0.0609692520,0.00199348000,0.0872624890,0.0420006660,0.00100067100,638.731567,290
160,1660,1679,45862264,46323516,0.515319824,0.124176025,0.0803834650,0.00326907100,0.113233998,0.0746841210,0.00181797800,0.0880616680,0.0618933440,0.000655899000,714.284973,278
161,1670,1689,46105119,46566167,0.515319824,0.144409180,0.0937287360,0.00654814000,0.137513742,0.0852604580,0.00685146900,0.101126298,0.0639766750,0.00430054800,752.756287,287
162,1680,1699,46347780,46809348,0.515319824,0.144409180,0.109118022,0.00110348600,0.138271570,0.105256289,0.000895099000,0.111390606,0.0846470740,0.00122406200,752.756287,308
163,1690,1709,46590431,47052093,0.515319824,0.139678955,0.0685611440,0.00310359800,0.138271570,0.0776226300,0.00295293900,0.111390606,0.0781171620,0.00136842000,741.685913,303
164,1700,1719,46833680,47294767,0.515319824,0.0495300290,0.0330096070,0.000582526000,0.0497721280,0.0319675990,0.000889366000,0.0726662130,0.0345495120,0.00116795500,741.685913,284
165,1710,1729,47076370,47537732,0.515319824,0.0495300290,0.0377521440,0.000120713000,0.0470447950,0.0373279080,6.75094479e-05,0.0388629590,0.0293476970,0.000127624000,447.547760,301
166,1720,1739,47319031,47780413,0.515319824,0.0487976070,0.0250644290,0.000192316000,0.0470447950,0.0280010200,0.000197731000,0.0388629590,0.0282921230,8.63915035e-05,247.236725,287
167,1730,1749,47562017,48023057,0.515319824,0.0128479000,0.00830617100,1.77446743e-05,0.0175101120,0.0099648970,2.09546139e-05,0.0252803730,0.0148321950,3.58813663e-05,246.215347,276
168,1740,1759,47804680,48265706,0.515319824,0.00872802700,0.00323428000,5.02377679e-06,0.00985050500,0.00427130100,7.82013831e-06,0.0131608560,0.00683183300,1.32022795e-05,211.277069,274
169,1750,1769,48047322,48508506,0.515319824,0.00201416000,0.00136473600,2.27093210e-07,0.00170532900,0.00135919800,1.35614130e-07,0.00432542900,0.00240035000,8.94009872e-07,38.3405800,292
170,1760,1779,48290056,48751166,0.515319824,0.00201416000,0.00132821600,1.15314890e-07,0.00168856300,0.00127206400,7.65570993e-08,0.00159899200,0.00142846000,1.15233111e-08,26.1533928,276
171,1770,1789,48532776,48993836,0.515319824,0.00131225600,0.00116601500,1.18106403e-08,0.00140769300,0.00119718100,8.99575969e-09,0.00148943900,0.00127207600,1.21153335e-08,26.1533928,283
172,1780,1799,48775429,49237044,0.515319824,0.00140380900,0.00109653300,1.97317840e-08,0.00125557200,0.00111312500,4.94777996e-09,0.00122049400,0.00115187700,2.50614329e-09,21.1187115,305
173,1790,1809,49018107,49479829,0.515319824,0.00170898400,0.00112327900,5.05757173e-08,0.00141819000,0.00108631400,1.62798733e-08,0.00122002600,0.00108881000,4.99018782e-09,13.4536238,291
174,1800,1819,49261408,49722496,0.515319824,0.0684509280,0.0214953700,0.000360128000,0.0441030150,0.0134025580,0.000138337000,0.0248258650,0.00752882400,4.10157948e-05,452.994476,288
175,1810,1829,49504107,49965275,0.515319824,0.143554688,0.0891679150,0.00309053200,0.131750524,0.0792798850,0.00277681800,0.102771252,0.0577805640,0.00162314500,661.709900,294
176,1820,1839,49746766,50207930,0.515319824,0.143554688,0.0946516990,0.00645129400,0.131750524,0.0872590320,0.00384247500,0.102771252,0.0713546870,0.00116851800,972.116272,285
177,1830,1849,49989551,50450583,0.515319824,0.150848389,0.106537998,0.00568581500,0.147589698,0.0971470030,0.00699198900,0.118278384,0.0731835590,0.00540586900,972.116272,280
178,1840,1859,50232198,50693462,0.515319824,0.150848389,0.126012638,0.00104008600,0.147589698,0.123578049,0.000631557000,0.126446649,0.102537550,0.000951179000,1113.10461,296
179,1850,1869,50474850,50936111,0.515319824,0.145385742,0.0830927420,0.00571819300,0.146818310,0.0894847660,0.00499435200,0.126446649,0.0899209830,0.00242814700,1182.43689,287
180,1860,1879,50717732,51178762,0.515319824,0.0688476560,0.0487089790,0.000811478000,0.0640577670,0.0471750610,0.00140861100,0.0850244910,0.0431404780,0.00195577100,1182.43689,284
181,1870,1889,50960377,51421558,0.515319824,0.0688476560,0.0401206580,0.000447018000,0.0640577670,0.0424753430,0.000369096000,0.0432842860,0.0338707750,6.87088094e-05,739.979065,300
182,1880,1899,51203036,51664632,0.515319824,0.0261535640,0.0131321700,4.26757754e-05,0.0348198560,0.0169606250,7.29317606e-05,0.0381032380,0.0223798100,8.10328481e-05,377.552643,298
183,1890,1909,51445841,51907384,0.515319824,0.0128784180,0.00615855400,9.53973085e-06,0.0139404110,0.00723502600,1.20670418e-05,0.0189427190,0.0107090720,2.15636097e-05,377.552643,292
184,1900,1919,51688986,52150106,0.515319824,0.00509643600,0.00311904000,3.47058835e-06,0.00463104700,0.00325650500,2.64030723e-06,0.00747109300,0.00478878200,3.75387344e-06,241.024902,282
185,1910,1929,51931661,52392901,0.515319824,0.00473022500,0.00222905800,2.42423266e-06,0.00380600200,0.00193650700,1.23391226e-06,0.00434158600,0.00241147400,1.01151147e-06,241.024902,294
186,1920,1939,52174453,52635586,0.515319824,0.00619506800,0.00325605500,2.73554929e-06,0.00493009200,0.00298260400,1.94650852e-06,0.00381202400,0.00260768300,8.64496428e-07,296.180695,283
187,1930,1949,52417178,52878232,0.515319824,0.00619506800,0.00303970300,1.67023143e-06,0.00493009200,0.00311567500,8.96886433e-07,0.00381202400,0.00297112000,1.94093175e-07,296.180695,277
188,1940,1959,52659848,53121029,0.515319824,0.00311279300,0.00189300000,4.39986195e-07,0.00288053700,0.00197557200,3.74748595e-07,0.00290993600,0.00221372400,2.93183831e-07,127.773239,297
189,1950,1969,52902497,53363695,0.515319824,0.00155639600,0.00116978300,9.83280575e-08,0.00149909000,0.00122742600,6.01526004e-08,0.00191715200,0.00147325300,7.20316456e-08,26.6833286,278
190,1960,1979,53145312,53606335,0.515319824,0.00128173800,0.000812507000,3.98287443e-08,0.00139439700,0.000894724000,5.75274364e-08,0.00150892400,0.00105285100,6.73472506e-08,11.0905361,274
191,1970,1989,53387959,53849198,0.515319824,0.00115966800,0.000802038000,2.96160568e-08,0.00100300200,0.000769612000,1.41120793e-08,0.000918452000,0.000802685000,4.15684598e-09,20.8086529,298
192,1980,1999,53630626,54092254,0.515319824,0.00527954100,0.00163618100,1.21791504e-06,0.00304558200,0.00114187500,2.97746993e-07,0.00189173800,0.000939119000,7.06652577e-08,42.2137413,293
193,1990,2009,53873467,54334986,0.515319824,0.124084473,0.0550887510,0.00198226200,0.103417017,0.0414692760,0.00118221900,0.0681436810,0.0257006790,0.000462070000,443.501984,300
194,2000,2019,54116577,54577810,0.515319824,0.124084473,0.0785207450,0.00175981800,0.112049326,0.0740379320,0.00135612100,0.0870015030,0.0602847110,0.000916167000,670.381226,292
195,2010,2029,54359259,54820479,0.515319824,0.159027100,0.0986481230,0.0098645400,0.141871393,0.0881276950,0.00816005700,0.0896903430,0.0648456660,0.00372873200,670.381226,292
196,2020,2039,54602083,55063126,0.515319824,0.161376953,0.120029494,0.00176625300,0.152441576,0.113122039,0.00242610000,0.122067921,0.0877296030,0.00306390900,964.631531,288
197,2030,2049,54844744,55306005,0.515319824,0.161376953,0.0898445250,0.00471580700,0.152441576,0.0968303460,0.00396732900,0.122067921,0.0898510810,0.00142845800,976.431274,297
198,2040,2059,55087396,55548679,0.515319824,0.0726318360,0.0461977010,0.00129134500,0.0697133470,0.0453115520,0.00186990700,0.0923193020,0.0459952880,0.00207637100,976.431274,279
199,2050,2069,55330288,55791331,0.515319824,0.0726318360,0.0460715410,0.000621205000,0.0663627010,0.0444870110,0.000386976000,0.0474237950,0.0335311030,0.000223621000,598.727844,281
200,2060,2079,55572946,56033984,0.515319824,0.0443115230,0.0168291420,0.000127247000,0.0551071430,0.0231371930,0.000242594000,0.0469569530,0.0263651110,0.000169160000,433.510101,281
201,2070,2089,55815598,56276794,0.515319824,0.0116882320,0.00737402200,1.37990144e-05,0.0109410970,0.00743065500,6.67185213e-06,0.0172383930,0.0108833530,8.41852489e-06,265.625671,297
202,2080,2099,56058349,56519850,0.515319824,0.0116882320,0.00485887400,1.33104129e-05,0.0109410970,0.00547551400,1.34064447e-05,0.0110153620,0.00666533600,1.09537303e-05,262.423309,291
203,2090,2109,56301068,56762679,0.515319824,0.00137329100,0.00111108700,1.83593085e-08,0.00191724700,0.00123818700,7.03029165e-08,0.00460177300,0.00244042100,1.06701964e-06,29.8496227,290
204,2100,2119,56544186,57005495,0.515319824,0.00115966800,0.00101944200,6.87218016e-09,0.00109953200,0.00102837900,2.22087260e-09,0.00176286900,0.00128557900,4.32763118e-08,19.4164886,300
205,2110,2129,56786952,57248160,0.515319824,0.00112915000,0.000801863000,6.90060978e-08,0.00108853600,0.000852818000,5.42038799e-08,0.00121018600,0.00096483400,4.04015306e-08,9.05538559,285
206,2120,2139,57029769,57490826,0.515319824,0.000762939000,0.000501362000,2.60182113e-08,0.000850486000,0.000537367000,2.95088768e-08,0.00096648800,0.000648164000,3.52676924e-08,7.54983425,274
207,2130,2149,57272427,57733626,0.515319824,0.00125122100,0.000692016000,8.40249034e-08,0.00104729600,0.000612975000,4.82387849e-08,0.000847983000,0.000569102000,1.48198199e-08,10.0498753,290
208,2140,2159,57515087,57976296,0.515319824,0.0712585450,0.0219222230,0.000391749000,0.0449225680,0.0131710460,0.000140940000,0.0245589430,0.00713389900,3.99739068e-05,533.398560,286
209,2150,2169,57757901,58218949,0.515319824,0.119293213,0.0732916890,0.00203839700,0.107007772,0.0662659850,0.00185591700,0.0818868430,0.0492325310,0.00112979200,1058.42761,284
210,2160,2179,58000561,58461785,0.515319824,0.131408691,0.0873504800,0.00720184200,0.107007772,0.0760726110,0.00429491100,0.0818868430,0.0583426130,0.00132823100,1058.42761,299
211,2170,2189,58243212,58704444,0.515319824,0.147888184,0.106535703,0.00424267800,0.138447762,0.0987558290,0.00542386200,0.108587734,0.0739376170,0.00457736300,1031.36707,284
212,2180,2199,58486064,58947488,0.515319824,0.147888184,0.0960742240,0.00392868200,0.138447762,0.0977620330,0.00272409700,0.108587734,0.0823189020,0.000727460000,938.377869,308
213,2190,2209,58728711,59190426,0.515319824,0.0764770510,0.0331446080,0.00113331500,0.0987702160,0.0407381130,0.00165486600,0.101505309,0.0493348460,0.00151319600,938.377869,300
214,2200,2219,58971838,59433100,0.515319824,0.0465698240,0.0318081450,0.000160210000,0.0433094690,0.0301192310,0.000155328000,0.0313156430,0.0226812550,0.000315024000,627.953796,285
215,2210,2229,59214715,59675766,0.515319824,0.0465393070,0.0242974420,0.000171323000,0.0433094690,0.0266871320,0.000158603000,0.0313156430,0.0242511350,4.17706682e-05,175.553406,277
216,2220,2239,59457371,59918473,0.515319824,0.0156250000,0.00783671500,2.21105871e-05,0.0196584820,0.00985582000,3.31204387e-05,0.0241339910,0.0138895060,4.23665945e-05,175.553406,282
217,2230,2249,59700033,60161294,0.515319824,0.00625610400,0.00431474700,3.40927795e-06,0.00651913700,0.00440675900,2.23816278e-06,0.0110917150,0.00618915600,3.47690366e-06,194.489075,299
218,2240,2259,59942866,60403954,0.515319824,0.00625610400,0.00421276400,3.68059659e-06,0.00578790900,0.00417598100,2.37551944e-06,0.00541945500,0.00443430800,0.96476310e-06,194.489075,287
219,2250,2269,60185574,60646606,0.515319824,0.00384521500,0.00185785400,4.20161285e-07,0.00479598600,0.00232452000,0.98819453e-06,0.00507987800,0.00298434700,1.18235675e-06,77.5499802,276
220,2260,2279,60428222,60889433,0.515319824,0.00167846700,0.00134843200,2.89469760e-08,0.00169800200,0.00139115500,2.16794686e-08,0.00238040700,0.00170752000,1.05579687e-07,27.9105721,306
221,2270,2289,60670870,61132091,0.515319824,0.00143432600,0.00116826900,1.36169163e-08,0.00135931500,0.00119017400,8.30958502e-09,0.00157644800,0.00130584300,1.88239946e-08,9.05538559,279
222,2280,2299,60913715,61375165,0.515319824,0.00112915000,0.00104424100,4.53652138e-09,0.00117630300,0.00106234700,2.68921063e-09,0.00127434200,0.00112196000,5.31619815e-09,8.00000000,291
223,2290,2309,61156357,61618159,0.515319824,0.00140380900,0.00112319600,2.19105886e-08,0.00132691200,0.00110350200,1.26622045e-08,0.00122211300,0.00109273000,3.81786291e-09,9.11043358,307
224,2300,2319,61399539,61860824,0.515319824,0.00296020500,0.00150219700,2.73818642e-07,0.00228203400,0.00132796800,9.04714799e-08,0.00174723500,0.00122112400,2.78765221e-08,20.1246109,279
225,2310,2329,61642433,62103481,0.515319824,0.125091553,0.0518471340,0.00185337900,0.100071833,0.0376717750,0.00101718900,0.0635027890,0.0227103200,0.000370280000,445.472778,279
226,2320,2339,61885092,62346282,0.515319824,0.130920410,0.0819914710,0.00203639600,0.118290447,0.0769864920,0.00164859600,0.0910014290,0.0618598830,0.00111905400,983.161255,290
227,2330,2349,62127750,62588939,0.515319824,0.161956787,0.102238625,0.0108624720,0.142380700,0.0910523760,0.00860034100,0.0910014290,0.0669029280,0.00369588600,1114.27283,284
228,2340,2359,62370551,62831591,0.515319824,0.162414551,0.116549730,0.00198369200,0.152113095,0.109676093,0.00265629700,0.117753841,0.0845932290,0.00322756900,1114.27283,289
229,2350,2369,62613207,63074434,0.515319824,0.162414551,0.0860372860,0.00450267400,0.152113095,0.0935137640,0.00392866200,0.117753841,0.0858940330,0.00141267900,888.049561,301
230,2360,2379,62855860,63317110,0.515319824,0.0401916500,0.0208663750,0.000328109000,0.0651428700,0.0262286610,0.000720175000,0.0873003450,0.0377198490,0.00107999200,888.049561,282
231,2370,2389,63098713,63559773,0.515319824,0.0292053220,0.0231751220,1.42805937e-05,0.0267171490,0.0225778150,0.99103234e-05,0.0228704920,0.0160450340,7.60014434e-05,488.117828,278
232,2380,2399,63341382,63802841,0.515319824,0.0292053220,0.0228449800,4.36205876e-05,0.0267171490,0.0231386760,1.80068234e-05,0.0235376040,0.0213199150,5.56007490e-06,406.274536,302
233,2390,2409,63584040,64045759,0.515319824,0.0253601070,0.0136916310,0.000121426000,0.0244942420,0.0149103390,0.000112391000,0.0235376040,0.0163398460,6.66444166e-05,265.426086,296
234,2400,2419,63827304,64288423,0.515319824,0.00399780300,0.00245861700,5.77208993e-06,0.00853003900,0.00294535300,6.42662781e-06,0.0145739570,0.00602885900,1.41891731e-05,207.513855,286
235,2410,2429,64070036,64531127,0.515319824,0.00399780300,0.00264622800,5.35902643e-07,0.00296857300,0.00232318900,4.20099553e-07,0.00280971900,0.00248070800,4.61713507e-08,179.368332,280
236,2420,2439,64312688,64773965,0.515319824,0.00363159200,0.00266267400,3.38302925e-07,0.00299020100,0.00253284500,1.44612770e-07,0.00275311400,0.00247048300,3.53835002e-08,179.368332,293
237,2430,2449,64555394,65016631,0.515319824,0.00329589800,0.00217322900,7.26980601e-07,0.00299020100,0.00224122100,4.13879661e-07,0.00275671200,0.00234057400,1.44574827e-07,127.236000,285
238,2440,2459,64798238,65259283,0.515319824,0.00277710000,0.00131896300,2.19250495e-07,0.00291561600,0.00152666900,3.31763800e-07,0.00275671200,0.00177057700,2.80342448e-07,41.7731972,281
239,2450,2469,65040895,65502057,0.515319824,0.00115966800,0.00100918200,7.69321495e-09,0.00111047700,0.00101542200,3.88101240e-09,0.00143641800,0.00116176200,2.05609749e-08,19.1311264,293
240,2460,2479,65283546,65744719,0.515319824,0.00198364300,0.00120327900,8.22774444e-08,0.00157348500,0.00113585700,3.83828893e-08,0.00136885200,0.00111139400,1.17845643e-08,12.1655254,284
241,2470,2489,65526329,65987381,0.515319824,0.116333008,0.0487229150,0.00166287200,0.0938402860,0.0352746060,0.000907013000,0.0593065690,0.0210775010,0.000324454000,378.170593,278
242,2480,2499,65768983,66230622,0.515319824,0.117828369,0.0747853150,0.00152677000,0.106315538,0.0702115740,0.00133394900,0.0809876550,0.0563954820,0.000931661000,1216.23840,307
243,2490,2509,66011646,66473483,0.515319824,0.149749756,0.0893884600,0.00838848600,0.126596317,0.0797355920,0.00642757400,0.0809876550,0.0600201520,0.00265890500,1216.23840,295
244,2500,2519,66255037,66716155,0.515319824,0.150848389,0.108925946,0.00216823700,0.141735777,0.102076031,0.00295867500,0.110861041,0.0782277440,0.00324347600,1046.12476,286
245,2510,2529,66497758,66958949,0.515319824,0.150848389,0.0858318580,0.00413433600,0.141735777,0.0914430770,0.00335296100,0.110861041,0.0822234450,0.00108905100,802.441895,305
246,2520,2539,66740417,67201618,0.515319824,0.0455017090,0.0297335950,0.000650334000,0.0705416430,0.0335905030,0.00115695000,0.0880065630,0.0406122130,0.00139792900,802.441895,282
247,2530,2549,66983234,67444279,0.515319824,0.0390625000,0.0294513940,7.48680675e-05,0.0361092090,0.0290425980,3.85318120e-05,0.0265047350,0.0212140880,9.35944031e-05,548.905273,282
248,2540,2559,67225884,67686970,0.515319824,0.0292358400,0.0164533950,0.000115676000,0.0320025090,0.0185827330,0.000123934000,0.0265047350,0.0191271620,6.17860997e-05,282.026581,278
249,2550,2569,67468543,67929764,0.515319824,0.00939941400,0.00626526700,1.14337389e-05,0.0104046120,0.00653289800,5.08330413e-06,0.0172583570,0.00941670700,7.16089335e-06,250.077988,299
250,2560,2579,67711308,68172429,0.515319824,0.00936889600,0.00556528000,5.84798045e-06,0.00823743700,0.00573035500,4.60377123e-06,0.00842096200,0.00638994900,3.14409112e-06,168.038681,278
251,2570,2589,67954038,68415074,0.515319824,0.00564575200,0.00342135300,2.78125026e-06,0.00500092500,0.00334749700,1.04931689e-06,0.00625423800,0.00407656400,8.43528482e-07,202.706680,283
252,2580,2599,68196697,68658263,0.515319824,0.00656127900,0.00404583000,4.15227714e-06,0.00585562300,0.00396894200,1.91917047e-06,0.00482909500,0.00387843300,4.95504082e-07,202.706680,299
253,2590,2609,68439340,68900996,0.515319824,0.00656127900,0.00348978200,4.54899873e-06,0.00585562300,0.00350488800,3.12190491e-06,0.00482909500,0.00344644300,1.20421714e-06,185.687912,301
254,2600,2619,68682595,69143659,0.515319824,0.00186157200,0.00123951700,1.26169695e-07,0.00195688100,0.00135544200,1.33594227e-07,0.00303160900,0.00190761100,3.79117239e-07,18.1383572,277
255,2610,2629,68925276,69386533,0.515319824,0.00140380900,0.000955400000,2.47927862e-08,0.00117175900,0.00096635500,8.52004245e-09,0.00157339600,0.00116124300,3.73440794e-08,15.8429794,292
256,2620,2639,69167953,69629193,0.515319824,0.00103759800,0.000825725000,1.88323222e-08,0.000928921000,0.000827734000,9.12274967e-09,0.00106462700,0.000905124000,1.04192698e-08,18.4119530,279
257,2630,2649,69410809,69871831,0.515319824,0.0615844730,0.0173916980,0.000252857000,0.0355406070,0.00981648200,7.84667998e-05,0.0188564100,0.00526285300,2.08451581e-05,455.376770,283
258,2640,2659,69653457,70114616,0.515319824,0.143402100,0.0834857150,0.00302266100,0.126845375,0.0744173900,0.00263331300,0.0952047630,0.0538180810,0.00149260400,913.871460,293
259,2650,2669,69896097,70357268,0.515319824,0.143402100,0.0887781900,0.00593686400,0.126845375,0.0806134190,0.00349378400,0.0952047630,0.0647885430,0.00106087600,1223.10547,286
260,2660,2679,70138887,70599924,0.515319824,0.160064697,0.105691470,0.00514400600,0.147502616,0.0967948810,0.00632659900,0.114258528,0.0721613690,0.00501272500,1223.10547,279
261,2670,2689,70381535,70842797,0.515319824,0.160064697,0.108412132,0.00277485400,0.147502616,0.106631309,0.00164498300,0.114258528,0.0881822480,0.000671100000,1037.01257,295
262,2680,2699,70624190,71085874,0.515319824,0.105987549,0.0435636710,0.00159368000,0.123329334,0.0559019520,0.00209788700,0.113017879,0.0647341830,0.00150862500,770.611450,301
263,2690,2709,70867078,71328665,0.515319824,0.0531616210,0.0331380260,0.000346780000,0.0486768970,0.0293772630,0.000434249000,0.0448628780,0.0252081380,0.000662979000,732.369446,293
264,2700,2719,71110231,71571343,0.515319824,0.0531616210,0.0347879900,0.000273855000,0.0486768970,0.0340969790,0.000166890000,0.0373441760,0.0278260800,8.98103595e-05,455.900208,281
265,2710,2729,71352946,71814131,0.515319824,0.0375366210,0.0150408630,0.000101667000,0.0432988330,0.0195888490,0.000161259000,0.0373441760,0.0222407650,0.000109446000,186.531494,292
266,2720,2739,71595692,72056776,0.515319824,0.00579834000,0.00392556800,5.72964109e-06,0.00762971700,0.00458579200,5.43848228e-06,0.0160166600,0.00862362000,1.61963815e-05,165.199875,276
267,2730,2749,71838397,72299476,0.515319824,0.00463867200,0.00220289600,4.38818597e-06,0.00520560300,0.00229185500,3.20197887e-06,0.00727106000,0.00362856500,4.27578379e-06,128.693436,281
268,2740,2759,72081040,72542276,0.515319824,0.00881958000,0.00469487900,1.45212696e-05,0.00757579200,0.00365402400,8.66367282e-06,0.00518453600,0.00253373500,2.54455381e-06,278.497742,300
269,2750,2769,72323751,72784950,0.515319824,0.00881958000,0.00476440400,8.83270968e-06,0.00757579200,0.00430818600,6.59080024e-06,0.00518453600,0.00349718700,2.81043117e-06,278.497742,278
270,2760,2779,72566549,73027606,0.515319824,0.00396728500,0.00182921000,1.00712975e-06,0.00597092900,0.00258101900,2.40297027e-06,0.00500194800,0.00292079300,1.63157563e-06,101.336075,279
271,2770,2789,72809220,73270410,0.515319824,0.00128173800,0.00106370300,1.03925792e-07,0.00120247900,0.00105065500,3.30402795e-08,0.00220898400,0.00140234700,7.59912089e-08,101.336075,297
272,2780,2799,73051873,73513491,0.515319824,0.00128173800,0.00115249800,4.81346740e-09,0.00123686600,0.00115312600,2.11761297e-09,0.00128687800,0.00119356400,1.17933208e-09,5.09901953,303
273,2790,2809,73294680,73756224,0.515319824,0.00128173800,0.00116665400,5.90899685e-09,0.00123686600,0.00117352200,1.63707936e-09,0.00120791200,0.00117698500,3.56589841e-10,3.74165750,298
274,2800,2819,73537814,73999096,0.515319824,0.00125122100,0.00104862400,1.75382746e-08,0.00121142800,0.00106099400,1.34384182e-08,0.00119014600,0.00109335100,7.50234896e-09,4.58257580,293
275,2810,2829,73780512,74241745,0.515319824,0.00103759800,0.000900812000,6.80355638e-09,0.00101724400,0.000923253000,4.28170743e-09,0.00109537800,0.00097352800,3.68767217e-09,4.89897966,284
276,2820,2839,74023369,74484388,0.515319824,0.00125122100,0.00100321200,2.71039383e-08,0.00120155800,0.00097831800,1.61516061e-08,0.00110418900,0.000960438000,5.07545339e-09,4.89897966,282
277,2830,2849,74266004,74727220,0.515319824,0.00146484400,0.00118848200,1.47908732e-08,0.00133948000,0.00114056500,1.59814542e-08,0.00124641100,0.00107972000,1.24106866e-08,4.58257580,310
278,2840,2859,74508656,74969900,0.515319824,0.00152587900,0.00131376300,1.67907659e-08,0.00147289900,0.00130623200,1.10956976e-08,0.00137405400,0.00125449300,8.98561048e-09,5.00000000,286
279,2850,2869,74751509,75212545,0.515319824,0.00152587900,0.00132104500,1.16930002e-08,0.00147289900,0.00132816200,6.54606236e-09,0.00137405400,0.00131185300,1.19956534e-09,5.00000000,279
280,2860,2879,74994167,75455260,0.515319824,0.00134277300,0.00120453600,5.43108092e-09,0.00129590000,0.00121579400,3.59137964e-09,0.00129743700,0.00124376600,2.43276221e-09,4.58257580,277
281,2870,2889,75236811,75698049,0.515319824,0.00149536100,0.00118052200,1.38718049e-08,0.00136252100,0.00116570600,4.66881778e-09,0.00125422100,0.00117975000,1.80357185e-09,4.58257580,299
282,2880,2899,75479596,75941136,0.515319824,0.00158691400,0.00137437600,3.82724568e-08,0.00154392500,0.00134215900,3.32667827e-08,0.00144474900,0.00128788600,1.81267852e-08,4.58257580,295
283,2890,2909,75722323,76183888,0.515319824,0.00158691400,0.00139166500,2.24767349e-08,0.00154392500,0.00140382600,1.34609478e-08,0.00144474900,0.00138043600,3.50768992e-09,4.58257580,305
284,2900,2919,75965460,76426729,0.515319824,0.00137329100,0.00124208800,4.04635170e-09,0.00143134500,0.00126650700,5.07077624e-09,0.00143270200,0.00130319900,4.51613724e-09,5.47722578,295
285,2910,2929,76208171,76669396,0.515319824,0.00131225600,0.00111483200,2.35869686e-08,0.00126284700,0.00113987400,1.41279777e-08,0.00126334700,0.00118570100,7.37692751e-09,5.91608000,288
286,2920,2939,76451004,76912046,0.515319824,0.00109863300,0.00096582200,9.16617449e-09,0.00116676800,0.00098890400,9.40928579e-09,0.00120846600,0.00104143500,9.21284382e-09,5.91608000,273
287,2930,2949,76693656,77154916,0.515319824,0.00103759800,0.000938037000,2.26458430e-09,0.00097868300,0.000934977000,1.08580300e-09,0.00097178800,0.000954299000,0.99919753e-10,5.09901953,290
288,2940,2959,76936335,77397577,0.515319824,0.00112915000,0.00097099100,4.20320578e-09,0.00107141800,0.000958916000,1.59905789e-09,0.00101331900,0.000954000000,4.10040696e-10,6.40312433,283
289,2950,2969,77179194,77640229,0.515319824,0.00131225600,0.00110450900,1.36267200e-08,0.00125112700,0.00107204700,1.15576543e-08,0.00117860900,0.00103165900,6.76711442e-09,6.40312433,284
290,2960,2979,77421845,77883049,0.515319824,0.00131225600,0.00115663200,1.11636166e-08,0.00126184100,0.00116094500,5.56570567e-09,0.00120264900,0.00113395500,3.15820592e-09,4.89897966,293
291,2970,2989,77664497,78125714,0.515319824,0.00143432600,0.00118557900,2.26924095e-08,0.00134554000,0.00117506600,1.30981438e-08,0.00124991300,0.00115771500,3.57040042e-09,4.89897966,285
292,2980,2999,77907327,78368801,0.515319824,0.00143432600,0.00119255000,1.73789692e-08,0.00134554000,0.00118320600,1.20961666e-08,0.00125468700,0.00117370300,4.27347313e-09,4.35889912,296
