window_id,t_sec,ax_mean,ay_mean,az_mean,amag_mean,amag_std,amag_min,amag_max,amag_range,amag_median,amag_rms,f_dom_hz,spectral_energy,p1_hz,p1_amp,p2_hz,p2_amp,p3_hz,p3_amp,q15_snr_db,q15_rms_err,q15_clips
0,2.86,-0.382,-0.031,+0.220,1.778,0.8683,0.129,3.031,2.902,1.778,1.978,2.0,4.479e+00,2.0,1.5955,7.8,0.7383,3.9,0.6616,53.19,0.001275,0
1,3.37,-0.633,+0.112,+0.061,1.409,0.7131,0.664,3.022,2.358,1.409,1.579,2.0,1.064e+00,2.0,0.7748,3.9,0.5500,5.9,0.2627,52.26,0.001001,0
2,3.88,-0.995,+0.043,+0.119,1.003,0.0185,0.963,1.037,0.074,1.003,1.003,2.0,7.378e-01,2.0,0.8587,5.9,0.0136,9.8,0.0117,60.47,0.000009,0
3,4.39,-0.693,+0.089,+0.221,1.522,0.7731,0.237,3.318,3.081,1.522,1.707,2.0,2.106e+00,2.0,1.2277,5.9,0.4831,7.8,0.4118,23.71,0.030393,0
4,4.91,-0.110,-0.231,+0.480,2.280,0.8626,0.620,3.323,2.703,2.280,2.437,2.0,6.130e+00,2.0,2.0390,9.8,0.9363,7.8,0.6010,24.16,0.047805,0
5,5.42,+0.271,-0.042,+0.058,2.372,0.8752,0.492,3.461,2.969,2.372,2.528,2.0,6.333e+00,2.0,2.0181,9.8,0.9745,3.9,0.5954,20.72,0.074822,0
6,5.93,-0.215,-0.309,+0.523,2.355,0.8793,0.434,3.365,2.931,2.355,2.513,2.0,6.059e+00,2.0,2.0278,9.8,0.9296,3.9,0.5343,22.42,0.061066,0
7,6.44,+0.323,-0.022,+0.145,2.436,0.7132,0.380,3.242,2.862,2.436,2.538,2.0,5.515e+00,2.0,2.0154,11.7,0.7608,9.8,0.5033,27.48,0.033878,0
8,6.95,+0.269,+0.042,+0.107,2.373,0.7109,0.551,3.246,2.695,2.373,2.477,2.0,5.550e+00,2.0,2.0344,11.7,0.8103,9.8,0.4429,27.71,0.031789,0
9,7.47,+0.320,-0.017,+0.125,2.412,0.6633,0.691,3.256,2.565,2.412,2.501,2.0,5.503e+00,2.0,2.0987,11.7,0.7381,9.8,0.3649,29.97,0.024737,0
10,7.98,+0.451,-0.180,+0.090,2.386,0.6553,0.885,3.375,2.490,2.386,2.474,2.0,5.296e+00,2.0,2.0092,11.7,0.6228,9.8,0.6147,28.80,0.027826,0
11,8.49,+0.130,-0.694,+0.517,2.488,0.5941,1.176,3.464,2.288,2.488,2.557,2.0,5.312e+00,2.0,2.1257,9.8,0.5757,11.7,0.3741,22.30,0.061432,0
12,9.00,+0.052,-0.200,+0.257,2.283,0.8007,0.468,3.428,2.960,2.283,2.419,2.0,5.218e+00,2.0,1.8709,11.7,0.7394,9.8,0.7034,24.31,0.045996,0
13,9.51,+0.248,-0.160,+0.055,2.204,0.7364,0.442,2.935,2.493,2.204,2.323,2.0,5.153e+00,2.0,1.8768,9.8,0.7737,5.9,0.5400,97.87,0.000009,0
14,10.03,+0.213,-0.042,+0.150,2.208,0.8024,0.427,3.177,2.750,2.208,2.349,2.0,5.811e+00,2.0,2.0401,11.7,0.7821,9.8,0.6983,31.76,0.018714,0
15,10.54,+0.033,-0.314,+0.557,2.335,0.5900,1.030,3.116,2.086,2.335,2.408,2.0,5.345e+00,2.0,2.1295,11.7,0.5055,9.8,0.5020,40.07,0.007240,0
16,11.05,+0.154,-0.229,+0.401,2.409,0.5578,0.686,3.115,2.429,2.409,2.472,2.0,4.794e+00,2.0,1.9933,11.7,0.5537,9.8,0.4219,40.85,0.006868,0
17,11.56,+0.319,-0.367,+0.298,2.388,0.6151,1.044,3.329,2.286,2.388,2.466,2.0,5.094e+00,2.0,1.9972,11.7,0.6208,9.8,0.5292,27.61,0.031618,0
18,12.07,+0.365,-0.486,+0.379,2.359,0.5049,1.327,3.107,1.780,2.359,2.412,2.0,4.816e+00,2.0,2.0471,11.7,0.4774,9.8,0.4205,41.93,0.005800,0
19,12.59,+0.244,-0.340,+0.291,2.404,0.6090,0.897,3.223,2.325,2.404,2.480,2.0,4.886e+00,2.0,1.9297,11.7,0.5902,9.8,0.5301,31.98,0.019257,0
20,13.10,+0.070,-0.631,+0.524,2.420,0.6955,1.092,3.464,2.372,2.420,2.517,2.0,5.847e+00,2.0,2.1479,9.8,0.6448,11.7,0.5454,20.74,0.072570,0
21,13.61,+0.354,-0.401,+0.384,2.569,0.5520,1.290,3.426,2.136,2.569,2.628,2.0,5.594e+00,2.0,2.1840,9.8,0.5761,11.7,0.3997,22.00,0.066066,0
22,14.12,+0.545,-0.486,+0.193,2.475,0.5721,1.241,3.464,2.223,2.475,2.540,2.0,5.484e+00,2.0,2.1349,9.8,0.5457,11.7,0.4908,22.42,0.059841,0
23,14.63,+0.205,-0.490,+0.569,2.465,0.4792,1.321,3.281,1.959,2.465,2.511,2.0,4.996e+00,2.0,2.0982,11.7,0.4129,9.8,0.3891,30.28,0.023584,0
24,15.15,+0.154,-0.478,+0.567,2.485,0.5024,1.285,3.464,2.179,2.485,2.535,2.0,4.763e+00,2.0,2.0564,11.7,0.4244,9.8,0.3227,24.20,0.048332,0
25,15.66,+0.026,-0.380,+0.220,1.974,0.8596,0.598,3.052,2.454,1.974,2.152,2.0,5.932e+00,2.0,2.3162,3.9,0.3956,5.9,0.3760,47.88,0.002621,0
26,16.17,-1.027,+0.149,-0.174,1.059,0.1189,0.926,1.420,0.495,1.059,1.066,2.0,7.512e-01,2.0,0.8636,3.9,0.0586,7.8,0.0371,77.67,0.000009,0
27,16.68,-0.977,+0.106,-0.177,0.999,0.0205,0.967,1.040,0.073,0.999,0.999,2.0,7.703e-01,2.0,0.8771,3.9,0.0286,5.9,0.0095,61.16,0.000009,0
28,17.19,-0.984,+0.112,-0.196,1.010,0.0298,0.959,1.073,0.115,1.010,1.011,2.0,7.084e-01,2.0,0.8409,3.9,0.0327,5.9,0.0138,64.64,0.000009,0
29,17.71,-0.983,+0.116,-0.185,1.008,0.0095,0.989,1.022,0.033,1.008,1.008,2.0,7.397e-01,2.0,0.8599,5.9,0.0115,7.8,0.0088,57.40,0.000008,0
30,18.22,-0.984,+0.119,-0.175,1.007,0.0173,0.961,1.032,0.071,1.007,1.007,2.0,7.333e-01,2.0,0.8558,3.9,0.0182,7.8,0.0165,60.72,0.000008,0
31,18.73,-0.986,+0.124,-0.163,1.007,0.0079,0.993,1.027,0.034,1.007,1.007,2.0,7.428e-01,2.0,0.8618,5.9,0.0074,3.9,0.0063,55.72,0.000009,0
32,19.24,-0.238,+0.038,+0.011,1.889,0.8095,0.721,3.246,2.525,1.889,2.054,2.0,4.746e+00,2.0,1.8812,9.8,0.6205,5.9,0.4832,26.49,0.028456,0
33,19.75,+0.135,-0.514,+0.582,2.431,0.5973,0.980,3.305,2.325,2.431,2.503,2.0,5.451e+00,2.0,2.1735,9.8,0.5165,11.7,0.3716,26.82,0.035327,0
34,20.27,+0.242,-0.274,+0.301,2.513,0.5033,1.338,3.186,1.849,2.513,2.563,2.0,5.241e+00,2.0,2.1194,11.7,0.5776,9.8,0.4466,33.76,0.016350,0
35,20.78,+0.442,-0.269,+0.159,2.384,0.5875,0.972,3.256,2.283,2.384,2.455,2.0,5.348e+00,2.0,2.1228,9.8,0.5194,11.7,0.5144,31.46,0.020095,0
36,21.29,+0.336,-0.315,+0.168,2.313,0.6259,0.728,2.948,2.220,2.313,2.396,2.0,4.837e+00,2.0,1.9205,9.8,0.5855,11.7,0.5111,98.49,0.000009,0
37,21.80,+0.039,-0.342,+0.598,2.393,0.5226,0.731,2.968,2.237,2.393,2.450,2.0,5.073e+00,2.0,2.1244,9.8,0.4815,11.7,0.3906,98.73,0.000009,0
38,22.31,+0.319,-0.261,+0.318,2.429,0.5117,0.970,3.015,2.045,2.429,2.482,2.0,4.658e+00,2.0,1.9680,9.8,0.5084,11.7,0.4014,58.93,0.000859,0
39,22.83,+0.368,-0.325,+0.352,2.457,0.5019,1.259,3.134,1.875,2.457,2.508,2.0,5.175e+00,2.0,2.1296,9.8,0.5284,11.7,0.2685,35.48,0.012972,0
40,23.34,+0.150,-0.243,+0.595,2.536,0.5512,1.328,3.464,2.136,2.536,2.595,2.0,6.183e+00,2.0,2.3298,11.7,0.6220,9.8,0.4395,23.73,0.053103,0
41,23.85,+0.380,-0.196,+0.241,2.523,0.4517,1.069,3.025,1.956,2.523,2.563,2.0,5.115e+00,2.0,2.1379,9.8,0.4139,11.7,0.3613,57.14,0.001103,0
42,24.36,+0.460,-0.486,+0.442,2.651,0.5077,1.416,3.464,2.048,2.651,2.699,2.0,6.164e+00,2.0,2.3292,9.8,0.6198,11.7,0.4813,23.43,0.058167,0
43,24.87,-0.806,-0.029,+0.128,1.286,0.6379,0.705,2.940,2.235,1.286,1.435,2.0,7.744e-01,2.0,0.7607,3.9,0.3931,7.8,0.1508,91.59,0.000009,0
44,25.39,-1.010,+0.065,-0.056,1.015,0.0400,0.951,1.136,0.185,1.015,1.016,2.0,7.369e-01,2.0,0.8575,5.9,0.0355,3.9,0.0162,67.76,0.000009,0
45,25.90,-1.002,+0.100,-0.030,1.008,0.0284,0.955,1.066,0.112,1.008,1.008,2.0,7.329e-01,2.0,0.8542,3.9,0.0381,5.9,0.0373,64.62,0.000009,0
46,26.41,-0.945,-0.026,+0.178,1.002,0.0525,0.915,1.106,0.191,1.002,1.003,2.0,6.567e-01,2.0,0.8083,3.9,0.0524,11.7,0.0154,69.26,0.000009,0
47,26.92,-0.640,+0.002,+0.645,0.956,0.1279,0.674,1.196,0.522,0.956,0.964,2.0,7.975e-01,2.0,0.8702,3.9,0.1366,5.9,0.1078,77.55,0.000009,0
48,27.43,-0.088,+0.249,+1.057,1.102,0.1412,0.875,1.505,0.630,1.102,1.111,2.0,7.717e-01,2.0,0.8606,3.9,0.0955,5.9,0.0923,79.90,0.000009,0
49,27.95,-0.007,+0.005,+1.017,1.017,0.0068,1.013,1.051,0.038,1.017,1.017,2.0,7.480e-01,2.0,0.8649,3.9,0.0025,5.9,0.0014,61.61,0.000008,0
