window_id,t_sec,ax_mean,ay_mean,az_mean,amag_mean,amag_std,amag_min,amag_max,amag_range,amag_median,amag_rms,f_dom_hz,spectral_energy,p1_hz,p1_amp,p2_hz,p2_amp,p3_hz,p3_amp,q15_snr_db,q15_rms_err,q15_clips
0,2.868,-0.4650,-0.0905,0.8949,1.0131,0.0202,0.9714,1.0711,0.0997,1.0140,1.0133,1.95,7.5282e-01,1.95,0.8672,5.86,0.0175,7.81,0.0161,62.39,0.000009,0
1,3.380,-0.4113,-0.1157,0.9103,1.0133,0.1194,0.6837,1.4295,0.7459,1.0003,1.0203,1.95,7.2536e-01,1.95,0.8431,11.72,0.0646,9.77,0.0514,76.98,0.000008,0
2,3.892,-0.3575,-0.0173,0.9619,1.0308,0.1751,0.6742,1.5826,0.9085,1.0081,1.0455,1.95,9.6351e-01,1.95,0.9571,3.91,0.1425,7.81,0.1024,79.94,0.000009,0
3,4.404,-0.3127,0.0196,0.9445,0.9996,0.2160,0.7097,1.8002,1.0905,0.9445,1.0226,1.95,9.2903e-01,1.95,0.8750,11.72,0.2312,9.77,0.2007,81.47,0.000009,0
4,4.916,-0.3218,0.0596,0.9720,1.0297,0.2659,0.6013,1.8433,1.2420,0.9556,1.0634,1.95,8.8975e-01,1.95,0.8664,9.77,0.1842,11.72,0.1593,83.62,0.000009,0
5,5.428,-0.2850,0.0082,0.9883,1.0363,0.2848,0.6804,1.9409,1.2605,0.9398,1.0746,1.95,9.7732e-01,1.95,0.8934,5.86,0.2147,11.72,0.1877,84.12,0.000009,0
6,5.940,-0.2161,-0.0019,0.9947,1.0244,0.2369,0.7611,1.8989,1.1378,0.9597,1.0513,1.95,9.3913e-01,1.95,0.8898,5.86,0.2073,11.72,0.1484,82.69,0.000009,0
7,6.452,-0.2433,0.0441,0.9422,0.9845,0.2127,0.7385,1.7885,1.0501,0.9196,1.0071,1.95,8.5888e-01,1.95,0.8458,5.86,0.2055,11.72,0.1666,81.72,0.000009,0
8,6.964,-0.2749,0.0188,0.9370,0.9849,0.2068,0.7716,1.7481,0.9766,0.9396,1.0063,1.95,8.0233e-01,1.95,0.8342,5.86,0.1939,13.67,0.1438,81.44,0.000009,0
9,7.476,-0.2217,-0.0077,1.0009,1.0293,0.1839,0.8304,1.7876,0.9572,1.0013,1.0455,1.95,8.1201e-01,1.95,0.8569,7.81,0.1681,5.86,0.1358,80.81,0.000008,0
10,7.988,-0.2324,-0.0052,0.9869,1.0170,0.1521,0.7244,1.6111,0.8867,1.0029,1.0283,1.95,8.0145e-01,1.95,0.8600,19.53,0.1124,5.86,0.1021,78.62,0.000009,0
11,8.500,-0.2308,-0.0011,1.0040,1.0381,0.2139,0.6684,1.8088,1.1404,1.0201,1.0599,1.95,8.1278e-01,1.95,0.8391,19.53,0.1683,9.77,0.1444,82.05,0.000009,0
12,9.012,-0.1709,-0.0007,1.0228,1.0482,0.2413,0.6619,1.8116,1.1497,1.0183,1.0755,1.95,9.1119e-01,1.95,0.8653,9.77,0.1842,19.53,0.1819,82.69,0.000009,0
13,9.524,-0.2147,-0.0037,0.9927,1.0299,0.2578,0.6462,1.7364,1.0902,1.0227,1.0616,1.95,9.9174e-01,1.95,0.9094,9.77,0.2431,7.81,0.1738,83.58,0.000009,0
14,10.036,-0.1733,-0.0561,0.9822,1.0223,0.2558,0.6545,1.7439,1.0894,1.0008,1.0537,1.95,9.1246e-01,1.95,0.8636,9.77,0.2278,17.58,0.1916,83.56,0.000009,0
15,10.548,-0.2583,-0.0547,0.9785,1.0430,0.2719,0.7051,2.0349,1.3298,0.9602,1.0777,1.95,9.9249e-01,1.95,0.8913,17.58,0.2051,9.77,0.2042,84.19,0.000008,0
16,11.060,-0.2973,-0.0229,0.9624,1.0615,0.3276,0.7154,2.0370,1.3217,0.9584,1.1107,1.95,1.2119e+00,1.95,0.9377,7.81,0.3055,17.58,0.2914,85.64,0.000009,0
17,11.572,-0.2412,-0.0424,1.0169,1.1384,0.3886,0.6575,2.0626,1.4052,1.0035,1.2026,1.95,1.3114e+00,1.95,0.9443,7.81,0.4058,15.62,0.3112,87.27,0.000009,0
18,12.084,-0.2640,-0.0309,0.9675,1.0437,0.2394,0.7280,1.9472,1.2192,0.9965,1.0707,1.95,9.0696e-01,1.95,0.8510,7.81,0.1792,9.77,0.1696,82.79,0.000009,0
19,12.596,-0.2500,-0.0835,0.9679,1.0098,0.1697,0.7002,1.8580,1.1577,0.9803,1.0239,1.95,8.1015e-01,1.95,0.8326,5.86,0.1722,7.81,0.1259,79.79,0.000009,0
20,13.108,-0.2534,-0.1426,0.9637,1.0187,0.2282,0.7247,2.0008,1.2761,0.9810,1.0438,1.95,8.5767e-01,1.95,0.9033,3.91,0.1279,5.86,0.1201,82.55,0.000009,0
21,13.620,-0.2390,-0.1643,0.9835,1.0341,0.1544,0.8076,1.7335,0.9259,0.9928,1.0455,1.95,8.8861e-01,1.95,0.8884,5.86,0.1559,7.81,0.1144,79.41,0.000008,0
22,14.132,-0.2201,-0.1885,0.9846,1.0409,0.2023,0.7761,1.8166,1.0404,0.9856,1.0603,1.95,8.1668e-01,1.95,0.8444,5.86,0.2274,3.91,0.1490,81.08,0.000009,0
23,14.644,-0.2401,-0.2048,0.9384,1.0026,0.1998,0.7138,1.8198,1.1060,0.9818,1.0223,1.95,9.5915e-01,1.95,0.9219,5.86,0.1969,9.77,0.1081,80.95,0.000009,0
24,15.156,-0.2201,-0.2186,0.9693,1.0352,0.2210,0.6987,1.8211,1.1224,0.9733,1.0584,1.95,8.1091e-01,1.95,0.8171,5.86,0.2613,3.91,0.1524,82.01,0.000009,0
25,15.668,-0.2354,-0.1704,0.9414,0.9999,0.1724,0.7237,1.7322,1.0085,0.9754,1.0146,1.95,9.0399e-01,1.95,0.9051,5.86,0.1771,7.81,0.1142,79.35,0.000009,0
26,16.180,-0.2375,-0.2004,0.9707,1.0350,0.2081,0.7087,1.8393,1.1306,0.9824,1.0556,1.95,8.4803e-01,1.95,0.8420,5.86,0.2380,7.81,0.1616,81.58,0.000009,0
27,16.692,-0.2182,-0.1828,0.9578,1.0104,0.1519,0.7723,1.6654,0.8931,0.9844,1.0218,1.95,8.6185e-01,1.95,0.8986,5.86,0.1264,11.72,0.0741,78.53,0.000009,0
28,17.204,-0.2091,-0.2060,0.9744,1.0322,0.1989,0.7025,1.7149,1.0123,0.9790,1.0512,1.95,7.5805e-01,1.95,0.8045,5.86,0.2219,3.91,0.1562,80.71,0.000009,0
29,17.716,-0.2127,-0.1726,0.9573,1.0114,0.1898,0.6922,1.7436,1.0514,0.9984,1.0290,1.95,9.5539e-01,1.95,0.9146,5.86,0.2010,7.81,0.1746,80.94,0.000009,0
30,18.228,-0.2119,-0.1816,0.9503,1.0043,0.2082,0.7080,1.7794,1.0714,0.9642,1.0256,1.95,8.4751e-01,1.95,0.8824,5.86,0.1740,7.81,0.1140,81.35,0.000009,0
31,18.740,-0.1842,-0.1979,1.0064,1.0527,0.1968,0.6827,1.8090,1.1263,1.0213,1.0708,1.95,7.8989e-01,1.95,0.8009,5.86,0.2209,7.81,0.1818,81.52,0.000009,0
32,19.252,-0.1960,-0.1790,0.9604,1.0088,0.1756,0.7172,1.7181,1.0009,0.9818,1.0239,1.95,9.1198e-01,1.95,0.8962,5.86,0.1982,7.81,0.1540,79.78,0.000009,0
33,19.764,-0.1966,-0.1868,0.9690,1.0205,0.2054,0.6894,1.7690,1.0796,0.9834,1.0409,1.95,9.9897e-01,1.95,0.9458,7.81,0.1797,3.91,0.1530,81.39,0.000009,0
34,20.276,-0.1791,-0.1812,0.9891,1.0315,0.2370,0.6740,1.7941,1.1201,1.0361,1.0583,1.95,1.1023e+00,1.95,0.9688,3.91,0.2504,7.81,0.1543,82.37,0.000009,0
35,20.788,-0.1855,-0.1849,0.9746,1.0317,0.2657,0.6968,1.8402,1.1434,0.9851,1.0652,1.95,9.4858e-01,1.95,0.8880,3.91,0.2226,5.86,0.1820,83.81,0.000009,0
36,21.300,-0.1649,-0.1965,0.9893,1.0445,0.2765,0.6916,1.9284,1.2368,1.0228,1.0803,1.95,9.5015e-01,1.95,0.8814,5.86,0.2470,3.91,0.1878,84.39,0.000008,0
37,21.812,-0.2047,-0.1711,0.9345,1.0023,0.2681,0.6979,1.8677,1.1698,0.9113,1.0373,1.95,9.6991e-01,1.95,0.8705,5.86,0.2910,3.91,0.2325,83.92,0.000009,0
38,22.324,-0.2011,-0.2033,0.9799,1.0612,0.2991,0.6754,1.9369,1.2615,0.9949,1.1024,1.95,1.0121e+00,1.95,0.8804,5.86,0.3088,3.91,0.1890,84.69,0.000009,0
39,22.836,-0.1974,-0.1847,0.9917,1.0688,0.3264,0.6270,1.9229,1.2959,0.9974,1.1173,1.95,1.0996e+00,1.95,0.9080,5.86,0.3881,3.91,0.2084,85.32,0.000009,0
40,23.348,-0.2156,-0.1760,0.9662,1.0697,0.4025,0.6320,2.1027,1.4707,0.9546,1.1426,1.95,1.2617e+00,1.95,0.9001,5.86,0.5013,7.81,0.2319,87.10,0.000009,0
41,23.860,-0.2351,-0.1945,0.9618,1.0652,0.3829,0.6409,2.0898,1.4489,0.9371,1.1317,1.95,1.1975e+00,1.95,0.9003,5.86,0.4595,7.81,0.1958,86.90,0.000009,0
42,24.372,-0.2320,-0.1733,0.9564,1.0591,0.3869,0.6287,2.1376,1.5089,0.9425,1.1273,1.95,1.2493e+00,1.95,0.9046,5.86,0.4667,7.81,0.2338,87.04,0.000009,0
43,24.884,-0.2374,-0.1604,0.9310,1.0415,0.3995,0.6042,2.1366,1.5324,0.9173,1.1152,1.95,1.2544e+00,1.95,0.9079,5.86,0.4412,7.81,0.3055,87.27,0.000009,0
44,25.396,-0.1704,-0.1669,1.0166,1.1297,0.4311,0.6303,2.1900,1.5598,0.9831,1.2088,1.95,1.3134e+00,1.95,0.9229,5.86,0.4147,7.81,0.3762,87.92,0.000009,0
45,25.908,-0.2190,-0.1531,0.9407,1.0579,0.3577,0.6660,2.0910,1.4250,0.9524,1.1165,1.95,1.2290e+00,1.95,0.9282,5.86,0.3706,7.81,0.3425,85.82,0.000009,0
46,26.420,-0.2063,-0.1171,0.9942,1.0888,0.3282,0.6732,2.1507,1.4776,1.0160,1.1370,1.95,1.1989e+00,1.95,0.9413,7.81,0.3530,5.86,0.2288,85.86,0.000009,0
47,26.932,-0.2799,-0.1211,1.0039,1.0551,0.1188,0.9410,1.5537,0.6127,1.0306,1.0617,1.95,7.7396e-01,1.95,0.8768,7.81,0.0417,3.91,0.0401,77.18,0.000009,0
48,27.444,-0.5497,0.0757,0.7530,0.9528,0.1258,0.7917,1.4968,0.7051,0.9222,0.9610,1.95,5.3162e-01,1.95,0.7241,9.77,0.0518,7.81,0.0438,77.99,0.000008,0
49,27.956,-0.0932,0.2900,1.0150,1.0800,0.1575,0.7282,1.4156,0.6874,1.0806,1.0914,1.95,1.0601e+00,1.95,0.9816,5.86,0.1718,3.91,0.1673,80.06,0.000009,0
50,28.468,0.0004,0.0258,1.0158,1.0180,0.0103,1.0080,1.0628,0.0548,1.0147,1.0180,1.95,7.4953e-01,1.95,0.8657,5.86,0.0028,7.81,0.0028,62.30,0.000008,0
51,28.980,-0.0028,0.0006,1.0150,1.0151,0.0009,1.0120,1.0173,0.0053,1.0151,1.0151,1.95,7.5137e-01,1.95,0.8668,3.91,0.0031,9.77,0.0009,60.36,0.000007,0
52,29.492,-0.0027,0.0032,1.0160,1.0165,0.0015,1.0145,1.0252,0.0107,1.0163,1.0165,1.95,7.5207e-01,1.95,0.8672,3.91,0.0018,5.86,0.0012,59.01,0.000009,0
53,30.004,-0.0048,0.0005,1.0171,1.0177,0.0010,1.0151,1.0196,0.0045,1.0176,1.0177,1.95,7.5421e-01,1.95,0.8685,3.91,0.0020,7.81,0.0010,60.55,0.000008,0
54,30.516,-0.0018,0.0005,1.0177,1.0184,0.0009,1.0168,1.0208,0.0040,1.0182,1.0184,1.95,7.5577e-01,1.95,0.8693,3.91,0.0023,5.86,0.0011,60.42,0.000009,0
