freq_hz,amplitude
0.0000,0.00263011
0.2441,0.02567920
0.4883,0.04359432
0.7324,0.04339081
0.9766,0.02734637
1.2207,0.01346964
1.4648,0.03058089
1.7090,0.02456300
1.9531,0.00387245
2.1973,0.00474420
2.4414,0.00524163
2.6855,0.00178300
2.9297,0.00799646
3.1738,0.00760416
3.4180,0.00424053
3.6621,0.00353284
3.9062,0.00449697
4.1504,0.00143268
4.3945,0.00782722
4.6387,0.01028812
4.8828,0.00503610
5.1270,0.00152669
5.3711,0.00435051
5.6152,0.00497823
5.8594,0.00280414
6.1035,0.00225693
6.3477,0.00175518
6.5918,0.00128840
6.8359,0.00087375
7.0801,0.00073932
7.3242,0.00120193
7.5684,0.00079613
7.8125,0.00108508
8.0566,0.00036701
8.3008,0.00072345
8.5449,0.00101521
8.7891,0.00126643
9.0332,0.00008008
9.2773,0.00178143
9.5215,0.00185057
9.7656,0.00068434
10.0098,0.00024564
10.2539,0.00050011
10.4980,0.00037098
10.7422,0.00119946
10.9863,0.00167459
11.2305,0.00101726
11.4746,0.00044929
11.7188,0.00037529
11.9629,0.00084305
12.2070,0.00064179
12.4512,0.00096405
12.6953,0.00121100
12.9395,0.00069288
13.1836,0.00058176
13.4277,0.00014165
13.6719,0.00045542
13.9160,0.00032885
14.1602,0.00058423
14.4043,0.00050855
14.6484,0.00020624
14.8926,0.00009086
15.1367,0.00026174
15.3809,0.00006231
15.6250,0.00026518
15.8691,0.00031001
16.1133,0.00015471
16.3574,0.00020913
16.6016,0.00006020
16.8457,0.00015140
17.0898,0.00019053
17.3340,0.00011588
17.5781,0.00027230
17.8223,0.00016881
18.0664,0.00010946
18.3105,0.00011273
18.5547,0.00011957
18.7988,0.00019727
19.0430,0.00011879
19.2871,0.00016192
19.5312,0.00026619
19.7754,0.00017444
20.0195,0.00010687
20.2637,0.00020305
20.5078,0.00014413
20.7520,0.00015875
20.9961,0.00012278
21.2402,0.00017525
21.4844,0.00007017
21.7285,0.00003687
21.9727,0.00005960
22.2168,0.00014619
22.4609,0.00004443
22.7051,0.00017594
22.9492,0.00015181
23.1934,0.00007922
23.4375,0.00016534
23.6816,0.00021867
23.9258,0.00019053
24.1699,0.00012827
24.4141,0.00008110
24.6582,0.00012463
24.9023,0.00010887
25.1465,0.00012128
25.3906,0.00010329
25.6348,0.00012954
25.8789,0.00013873
26.1230,0.00012749
26.3672,0.00008325
26.6113,0.00006997
26.8555,0.00018042
27.0996,0.00013040
27.3438,0.00003218
27.5879,0.00008923
27.8320,0.00005423
28.0762,0.00009605
28.3203,0.00005240
28.5645,0.00018792
28.8086,0.00015802
29.0527,0.00011700
29.2969,0.00005464
29.5410,0.00009060
29.7852,0.00011942
30.0293,0.00005831
30.2734,0.00010909
30.5176,0.00009078
30.7617,0.00012373
31.0059,0.00009978
31.2500,0.00010589
31.4941,0.00007771
31.7383,0.00001636
31.9824,0.00002428
32.2266,0.00007975
32.4707,0.00006531
32.7148,0.00002290
32.9590,0.00003586
33.2031,0.00002237
33.4473,0.00003149
33.6914,0.00008096
33.9355,0.00011182
34.1797,0.00004099
34.4238,0.00004751
34.6680,0.00003987
34.9121,0.00003389
35.1562,0.00003976
35.4004,0.00003419
35.6445,0.00001973
35.8887,0.00002535
36.1328,0.00004120
36.3770,0.00005281
36.6211,0.00005656
36.8652,0.00003533
37.1094,0.00000882
37.3535,0.00003753
37.5977,0.00003251
37.8418,0.00002008
38.0859,0.00002058
38.3301,0.00001513
38.5742,0.00001645
38.8184,0.00003714
39.0625,0.00003097
39.3066,0.00001647
39.5508,0.00002177
39.7949,0.00002078
40.0391,0.00002103
40.2832,0.00001912
40.5273,0.00002233
40.7715,0.00003387
41.0156,0.00002340
41.2598,0.00000991
41.5039,0.00001011
41.7480,0.00002247
41.9922,0.00001169
42.2363,0.00001421
42.4805,0.00002323
42.7246,0.00001220
42.9688,0.00001096
43.2129,0.00001361
43.4570,0.00001522
43.7012,0.00001299
43.9453,0.00001549
44.1895,0.00000415
44.4336,0.00001204
44.6777,0.00002543
44.9219,0.00000764
45.1660,0.00001505
45.4102,0.00001528
45.6543,0.00002378
45.8984,0.00000438
46.1426,0.00000801
46.3867,0.00001164
46.6309,0.00001481
46.8750,0.00001524
47.1191,0.00000929
47.3633,0.00000275
47.6074,0.00001341
47.8516,0.00001541
48.0957,0.00000396
48.3398,0.00000156
48.5840,0.00001211
48.8281,0.00001370
49.0723,0.00000576
49.3164,0.00000367
49.5605,0.00000742
49.8047,0.00001731
50.0488,0.00000541
50.2930,0.00000790
50.5371,0.00000838
50.7812,0.00001451
51.0254,0.00000291
51.2695,0.00000462
51.5137,0.00001271
51.7578,0.00000932
52.0020,0.00000308
52.2461,0.00000899
52.4902,0.00001018
52.7344,0.00000618
52.9785,0.00000368
53.2227,0.00000851
53.4668,0.00000811
53.7109,0.00000524
53.9551,0.00000845
54.1992,0.00000322
54.4434,0.00000872
54.6875,0.00000667
54.9316,0.00000561
55.1758,0.00000411
55.4199,0.00000708
55.6641,0.00000696
55.9082,0.00000726
56.1523,0.00000245
56.3965,0.00000675
56.6406,0.00000559
56.8848,0.00000840
57.1289,0.00000402
57.3730,0.00000503
57.6172,0.00000800
57.8613,0.00000496
58.1055,0.00000473
58.3496,0.00000592
58.5938,0.00000672
58.8379,0.00000492
59.0820,0.00000471
59.3262,0.00000609
59.5703,0.00000631
59.8145,0.00000504
60.0586,0.00000571
60.3027,0.00000502
60.5469,0.00000589
60.7910,0.00000523
61.0352,0.00000532
61.2793,0.00000528
61.5234,0.00000542
61.7676,0.00000531
62.0117,0.00000546
62.2559,0.00000517
62.5000,0.00000530
62.7441,0.00000521
62.9883,0.00000538
63.2324,0.00000501
63.4766,0.00000561
63.7207,0.00000471
63.9648,0.00000531
64.2090,0.00000545
64.4531,0.00000520
64.6973,0.00000430
64.9414,0.00000555
65.1855,0.00000537
65.4297,0.00000427
65.6738,0.00000576
65.9180,0.00000503
66.1621,0.00000554
66.4062,0.00000487
66.6504,0.00000425
66.8945,0.00000473
67.1387,0.00000665
67.3828,0.00000397
67.6270,0.00000550
67.8711,0.00000420
68.1152,0.00000492
68.3594,0.00000569
68.6035,0.00000383
68.8477,0.00000452
69.0918,0.00000674
69.3359,0.00000360
69.5801,0.00000395
69.8242,0.00000475
70.0684,0.00000545
70.3125,0.00000417
70.5566,0.00000510
70.8008,0.00000409
71.0449,0.00000520
71.2891,0.00000492
71.5332,0.00000438
71.7773,0.00000459
72.0215,0.00000404
72.2656,0.00000518
72.5098,0.00000346
72.7539,0.00000514
72.9980,0.00000615
73.2422,0.00000524
73.4863,0.00000455
73.7305,0.00000441
73.9746,0.00000538
74.2188,0.00000381
74.4629,0.00000582
74.7070,0.00000392
74.9512,0.00000414
75.1953,0.00000475
75.4395,0.00000379
75.6836,0.00000476
75.9277,0.00000384
76.1719,0.00000607
76.4160,0.00000529
76.6602,0.00000147
76.9043,0.00000554
77.1484,0.00000553
77.3926,0.00000427
77.6367,0.00000181
77.8809,0.00000736
78.1250,0.00000346
78.3691,0.00000482
78.6133,0.00000305
78.8574,0.00000469
79.1016,0.00000424
79.3457,0.00000423
79.5898,0.00000557
79.8340,0.00000334
80.0781,0.00000427
80.3223,0.00000356
80.5664,0.00000595
80.8105,0.00000323
81.0547,0.00000533
81.2988,0.00000379
81.5430,0.00000527
81.7871,0.00000270
82.0312,0.00000526
82.2754,0.00000493
82.5195,0.00000507
82.7637,0.00000242
83.0078,0.00000409
83.2520,0.00000447
83.4961,0.00000469
83.7402,0.00000336
83.9844,0.00000461
84.2285,0.00000374
84.4727,0.00000420
84.7168,0.00000422
84.9609,0.00000387
85.2051,0.00000343
85.4492,0.00000489
85.6934,0.00000647
85.9375,0.00000407
86.1816,0.00000318
86.4258,0.00000593
86.6699,0.00000280
86.9141,0.00000425
87.1582,0.00000419
87.4023,0.00000338
87.6465,0.00000549
87.8906,0.00000285
88.1348,0.00000298
88.3789,0.00000631
88.6230,0.00000186
88.8672,0.00000547
89.1113,0.00000323
89.3555,0.00000445
89.5996,0.00000433
89.8438,0.00000263
90.0879,0.00000439
90.3320,0.00000247
90.5762,0.00000495
90.8203,0.00000312
91.0645,0.00000554
91.3086,0.00000309
91.5527,0.00000338
91.7969,0.00000411
92.0410,0.00000362
92.2852,0.00000358
92.5293,0.00000370
92.7734,0.00000413
93.0176,0.00000433
93.2617,0.00000389
93.5059,0.00000221
93.7500,0.00000381
93.9941,0.00000379
94.2383,0.00000281
94.4824,0.00000497
94.7266,0.00000284
94.9707,0.00000424
95.2148,0.00000405
95.4590,0.00000343
95.7031,0.00000275
95.9473,0.00000262
96.1914,0.00000576
96.4355,0.00000240
96.6797,0.00000352
96.9238,0.00000399
97.1680,0.00000285
97.4121,0.00000473
97.6562,0.00000287
97.9004,0.00000351
98.1445,0.00000415
98.3887,0.00000273
98.6328,0.00000385
98.8770,0.00000459
99.1211,0.00000384
99.3652,0.00000371
99.6094,0.00000290
99.8535,0.00000327
100.0977,0.00000385
100.3418,0.00000392
100.5859,0.00000352
100.8301,0.00000336
101.0742,0.00000294
101.3184,0.00000423
101.5625,0.00000341
101.8066,0.00000224
102.0508,0.00000517
102.2949,0.00000224
102.5391,0.00000386
102.7832,0.00000209
103.0273,0.00000493
103.2715,0.00000285
103.5156,0.00000282
103.7598,0.00000361
104.0039,0.00000474
104.2480,0.00000207
104.4922,0.00000219
104.7363,0.00000323
104.9805,0.00000480
105.2246,0.00000311
105.4688,0.00000314
105.7129,0.00000345
105.9570,0.00000318
106.2012,0.00000338
106.4453,0.00000321
106.6895,0.00000355
106.9336,0.00000252
107.1777,0.00000447
107.4219,0.00000161
107.6660,0.00000454
107.9102,0.00000376
108.1543,0.00000223
108.3984,0.00000363
108.6426,0.00000348
108.8867,0.00000315
109.1309,0.00000340
109.3750,0.00000294
109.6191,0.00000309
109.8633,0.00000418
110.1074,0.00000185
110.3516,0.00000482
110.5957,0.00000142
110.8398,0.00000424
111.0840,0.00000281
111.3281,0.00000352
111.5723,0.00000267
111.8164,0.00000384
112.0605,0.00000201
112.3047,0.00000349
112.5488,0.00000316
112.7930,0.00000273
113.0371,0.00000333
113.2812,0.00000344
113.5254,0.00000229
113.7695,0.00000347
114.0137,0.00000349
114.2578,0.00000196
114.5020,0.00000431
114.7461,0.00000207
114.9902,0.00000358
115.2344,0.00000299
115.4785,0.00000266
115.7227,0.00000391
115.9668,0.00000249
116.2109,0.00000276
116.4551,0.00000341
116.6992,0.00000333
116.9434,0.00000264
117.1875,0.00000288
117.4316,0.00000402
117.6758,0.00000191
117.9199,0.00000358
118.1641,0.00000309
118.4082,0.00000271
118.6523,0.00000312
118.8965,0.00000316
119.1406,0.00000298
119.3848,0.00000261
119.6289,0.00000321
119.8730,0.00000296
120.1172,0.00000307
120.3613,0.00000250
120.6055,0.00000286
120.8496,0.00000321
121.0938,0.00000303
121.3379,0.00000282
121.5820,0.00000302
121.8262,0.00000291
122.0703,0.00000269
122.3145,0.00000278
122.5586,0.00000343
122.8027,0.00000293
123.0469,0.00000246
123.2910,0.00000287
123.5352,0.00000299
123.7793,0.00000319
124.0234,0.00000264
124.2676,0.00000266
124.5117,0.00000343
124.7559,0.00000255
125.0000,0.00000250
125.2441,0.00000322
125.4883,0.00000291
125.7324,0.00000305
125.9766,0.00000215
126.2207,0.00000334
126.4648,0.00000247
126.7090,0.00000284
126.9531,0.00000306
127.1973,0.00000276
127.4414,0.00000254
127.6855,0.00000282
127.9297,0.00000270
128.1738,0.00000292
128.4180,0.00000288
128.6621,0.00000298
128.9062,0.00000219
129.1504,0.00000303
129.3945,0.00000292
129.6387,0.00000231
129.8828,0.00000337
130.1270,0.00000215
130.3711,0.00000363
130.6152,0.00000208
130.8594,0.00000316
131.1035,0.00000249
131.3477,0.00000299
131.5918,0.00000305
131.8359,0.00000288
132.0801,0.00000242
132.3242,0.00000205
132.5684,0.00000370
132.8125,0.00000172
133.0566,0.00000262
133.3008,0.00000367
133.5449,0.00000285
133.7891,0.00000223
134.0332,0.00000209
134.2773,0.00000362
134.5215,0.00000287
134.7656,0.00000173
135.0098,0.00000329
135.2539,0.00000249
135.4980,0.00000338
135.7422,0.00000279
135.9863,0.00000235
136.2305,0.00000237
136.4746,0.00000393
136.7188,0.00000232
136.9629,0.00000179
137.2070,0.00000354
137.4512,0.00000323
137.6953,0.00000182
137.9395,0.00000415
138.1836,0.00000183
138.4277,0.00000224
138.6719,0.00000329
138.9160,0.00000186
139.1602,0.00000364
139.4043,0.00000337
139.6484,0.00000271
139.8926,0.00000273
140.1367,0.00000158
140.3809,0.00000459
140.6250,0.00000538
140.8691,0.00000422
141.1133,0.00000232
141.3574,0.00000145
141.6016,0.00000380
141.8457,0.00000275
142.0898,0.00000325
142.3340,0.00000387
142.5781,0.00000213
142.8223,0.00000372
143.0664,0.00000233
143.3105,0.00000139
143.5547,0.00000276
143.7988,0.00000743
144.0430,0.00000250
144.2871,0.00000389
144.5312,0.00000308
144.7754,0.00000435
145.0195,0.00000241
145.2637,0.00000337
145.5078,0.00000203
145.7520,0.00000459
145.9961,0.00000139
146.2402,0.00000511
146.4844,0.00000146
146.7285,0.00000542
146.9727,0.00000707
147.2168,0.00000309
147.4609,0.00000141
147.7051,0.00000470
147.9492,0.00000123
148.1934,0.00000119
148.4375,0.00000557
148.6816,0.00000014
148.9258,0.00000429
149.1699,0.00000247
149.4141,0.00000365
149.6582,0.00000151
149.9023,0.00000807
150.1465,0.00000093
150.3906,0.00000262
150.6348,0.00000648
150.8789,0.00000155
151.1230,0.00000399
151.3672,0.00000427
151.6113,0.00000299
151.8555,0.00000333
152.0996,0.00000239
152.3438,0.00000302
152.5879,0.00000364
152.8320,0.00000077
153.0762,0.00000423
153.3203,0.00000175
153.5645,0.00000327
153.8086,0.00000162
154.0527,0.00000304
154.2969,0.00000306
154.5410,0.00000109
154.7852,0.00000442
155.0293,0.00000218
155.2734,0.00000232
155.5176,0.00000301
155.7617,0.00000117
156.0059,0.00000521
156.2500,0.00000198
156.4941,0.00000190
156.7383,0.00000382
156.9824,0.00000178
157.2266,0.00000230
157.4707,0.00000427
157.7148,0.00000050
157.9590,0.00000444
158.2031,0.00000126
158.4473,0.00000273
158.6914,0.00000141
158.9355,0.00000441
159.1797,0.00000148
159.4238,0.00000249
159.6680,0.00000266
159.9121,0.00000231
160.1562,0.00000269
160.4004,0.00000182
160.6445,0.00000172
160.8887,0.00000334
161.1328,0.00000219
161.3770,0.00000181
161.6211,0.00000342
161.8652,0.00000142
162.1094,0.00000317
162.3535,0.00000207
162.5977,0.00000283
162.8418,0.00000216
163.0859,0.00000188
163.3301,0.00000290
163.5742,0.00000314
163.8184,0.00000195
164.0625,0.00000219
164.3066,0.00000363
164.5508,0.00000198
164.7949,0.00000178
165.0391,0.00000312
165.2832,0.00000091
165.5273,0.00000433
165.7715,0.00000159
166.0156,0.00000233
166.2598,0.00000251
166.5039,0.00000287
166.7480,0.00000313
166.9922,0.00000235
167.2363,0.00000252
167.4805,0.00000162
167.7246,0.00000253
167.9688,0.00000267
168.2129,0.00000285
168.4570,0.00000232
168.7012,0.00000122
168.9453,0.00000343
169.1895,0.00000228
169.4336,0.00000230
169.6777,0.00000208
169.9219,0.00000218
170.1660,0.00000303
170.4102,0.00000195
170.6543,0.00000278
170.8984,0.00000181
171.1426,0.00000273
171.3867,0.00000221
171.6309,0.00000247
171.8750,0.00000194
172.1191,0.00000316
172.3633,0.00000159
172.6074,0.00000270
172.8516,0.00000211
173.0957,0.00000294
173.3398,0.00000219
173.5840,0.00000216
173.8281,0.00000260
174.0723,0.00000144
174.3164,0.00000326
174.5605,0.00000157
174.8047,0.00000259
175.0488,0.00000260
175.2930,0.00000224
175.5371,0.00000219
175.7812,0.00000186
176.0254,0.00000338
176.2695,0.00000191
176.5137,0.00000180
176.7578,0.00000277
177.0020,0.00000203
177.2461,0.00000172
177.4902,0.00000293
177.7344,0.00000227
177.9785,0.00000188
178.2227,0.00000275
178.4668,0.00000275
178.7109,0.00000176
178.9551,0.00000227
179.1992,0.00000264
179.4434,0.00000206
179.6875,0.00000201
179.9316,0.00000209
180.1758,0.00000232
180.4199,0.00000207
180.6641,0.00000253
180.9082,0.00000164
181.1523,0.00000250
181.3965,0.00000256
181.6406,0.00000192
181.8848,0.00000263
182.1289,0.00000212
182.3730,0.00000246
182.6172,0.00000178
182.8613,0.00000239
183.1055,0.00000248
183.3496,0.00000181
183.5938,0.00000253
183.8379,0.00000206
184.0820,0.00000237
184.3262,0.00000180
184.5703,0.00000282
184.8145,0.00000133
185.0586,0.00000287
185.3027,0.00000197
185.5469,0.00000239
185.7910,0.00000193
186.0352,0.00000197
186.2793,0.00000271
186.5234,0.00000182
186.7676,0.00000235
187.0117,0.00000227
187.2559,0.00000210
187.5000,0.00000217
187.7441,0.00000240
187.9883,0.00000178
188.2324,0.00000257
188.4766,0.00000199
188.7207,0.00000237
188.9648,0.00000214
189.2090,0.00000221
189.4531,0.00000203
189.6973,0.00000286
189.9414,0.00000141
190.1855,0.00000247
190.4297,0.00000215
190.6738,0.00000250
190.9180,0.00000201
191.1621,0.00000233
191.4062,0.00000229
191.6504,0.00000209
191.8945,0.00000207
192.1387,0.00000200
192.3828,0.00000204
192.6270,0.00000261
192.8711,0.00000218
193.1152,0.00000151
193.3594,0.00000275
193.6035,0.00000180
193.8477,0.00000262
194.0918,0.00000181
194.3359,0.00000217
194.5801,0.00000302
194.8242,0.00000153
195.0684,0.00000229
195.3125,0.00000226
195.5566,0.00000184
195.8008,0.00000212
196.0449,0.00000211
196.2891,0.00000288
196.5332,0.00000118
196.7773,0.00000271
197.0215,0.00000163
197.2656,0.00000332
197.5098,0.00000159
197.7539,0.00000190
197.9980,0.00000264
198.2422,0.00000198
198.4863,0.00000175
198.7305,0.00000277
198.9746,0.00000204
199.2188,0.00000118
199.4629,0.00000297
199.7070,0.00000160
199.9512,0.00000263
200.1953,0.00000214
200.4395,0.00000217
200.6836,0.00000173
200.9277,0.00000277
201.1719,0.00000194
201.4160,0.00000183
201.6602,0.00000238
201.9043,0.00000213
202.1484,0.00000100
202.3926,0.00000341
202.6367,0.00000210
202.8809,0.00000197
203.1250,0.00000192
203.3691,0.00000268
203.6133,0.00000161
203.8574,0.00000171
204.1016,0.00000324
204.3457,0.00000248
204.5898,0.00000135
204.8340,0.00000402
205.0781,0.00000118
205.3223,0.00000230
205.5664,0.00000262
205.8105,0.00000242
206.0547,0.00000147
206.2988,0.00000319
206.5430,0.00000130
206.7871,0.00000208
207.0312,0.00000301
207.2754,0.00000120
207.5195,0.00000263
207.7637,0.00000398
208.0078,0.00000103
208.2520,0.00000215
208.4961,0.00000281
208.7402,0.00000176
208.9844,0.00000259
209.2285,0.00000202
209.4727,0.00000196
209.7168,0.00000216
209.9609,0.00000196
210.2051,0.00000279
210.4492,0.00000156
210.6934,0.00000197
210.9375,0.00000514
211.1816,0.00000085
211.4258,0.00000147
211.6699,0.00000221
211.9141,0.00000200
212.1582,0.00000224
212.4023,0.00000363
212.6465,0.00000119
212.8906,0.00000282
213.1348,0.00000242
213.3789,0.00000182
213.6230,0.00000165
213.8672,0.00000291
214.1113,0.00000244
214.3555,0.00000324
214.5996,0.00000181
214.8438,0.00000135
215.0879,0.00000228
215.3320,0.00000295
215.5762,0.00000210
215.8203,0.00000142
216.0645,0.00000258
216.3086,0.00000133
216.5527,0.00000207
216.7969,0.00000274
217.0410,0.00000177
217.2852,0.00000190
217.5293,0.00000274
217.7734,0.00000174
218.0176,0.00000227
218.2617,0.00000316
218.5059,0.00000255
218.7500,0.00000217
218.9941,0.00000164
219.2383,0.00000216
219.4824,0.00000256
219.7266,0.00000172
219.9707,0.00000221
220.2148,0.00000153
220.4590,0.00000357
220.7031,0.00000094
220.9473,0.00000128
221.1914,0.00000324
221.4355,0.00000235
221.6797,0.00000248
221.9238,0.00000079
222.1680,0.00000217
222.4121,0.00000226
222.6562,0.00000182
222.9004,0.00000143
223.1445,0.00000322
223.3887,0.00000206
223.6328,0.00000290
223.8770,0.00000167
224.1211,0.00000246
224.3652,0.00000191
224.6094,0.00000207
224.8535,0.00000291
225.0977,0.00000189
225.3418,0.00000279
225.5859,0.00000139
225.8301,0.00000217
226.0742,0.00000186
226.3184,0.00000235
226.5625,0.00000189
226.8066,0.00000231
227.0508,0.00000138
227.2949,0.00000233
227.5391,0.00000167
227.7832,0.00000246
228.0273,0.00000227
228.2715,0.00000148
228.5156,0.00000302
228.7598,0.00000180
229.0039,0.00000229
229.2480,0.00000169
229.4922,0.00000235
229.7363,0.00000187
229.9805,0.00000261
230.2246,0.00000140
230.4688,0.00000185
230.7129,0.00000172
230.9570,0.00000324
231.2012,0.00000110
231.4453,0.00000223
231.6895,0.00000238
231.9336,0.00000179
232.1777,0.00000203
232.4219,0.00000241
232.6660,0.00000198
232.9102,0.00000180
233.1543,0.00000184
233.3984,0.00000251
233.6426,0.00000196
233.8867,0.00000154
234.1309,0.00000257
234.3750,0.00000152
234.6191,0.00000245
234.8633,0.00000237
235.1074,0.00000161
235.3516,0.00000201
235.5957,0.00000211
235.8398,0.00000184
236.0840,0.00000239
236.3281,0.00000150
236.5723,0.00000265
236.8164,0.00000184
237.0605,0.00000226
237.3047,0.00000206
237.5488,0.00000117
237.7930,0.00000287
238.0371,0.00000181
238.2812,0.00000275
238.5254,0.00000181
238.7695,0.00000229
239.0137,0.00000219
239.2578,0.00000199
239.5020,0.00000152
239.7461,0.00000225
239.9902,0.00000235
240.2344,0.00000144
240.4785,0.00000252
240.7227,0.00000157
240.9668,0.00000231
241.2109,0.00000210
241.4551,0.00000212
241.6992,0.00000188
241.9434,0.00000156
242.1875,0.00000299
242.4316,0.00000158
242.6758,0.00000168
242.9199,0.00000226
243.1641,0.00000219
243.4082,0.00000207
243.6523,0.00000174
243.8965,0.00000180
244.1406,0.00000290
244.3848,0.00000164
244.6289,0.00000242
244.8730,0.00000171
245.1172,0.00000185
245.3613,0.00000234
245.6055,0.00000240
245.8496,0.00000118
246.0938,0.00000200
246.3379,0.00000235
246.5820,0.00000212
246.8262,0.00000179
247.0703,0.00000176
247.3145,0.00000230
247.5586,0.00000246
247.8027,0.00000189
248.0469,0.00000170
248.2910,0.00000241
248.5352,0.00000196
248.7793,0.00000201
249.0234,0.00000227
249.2676,0.00000134
249.5117,0.00000311
249.7559,0.00000144
