window,axis,fs_hz,min_dt_us,max_dt_us,mean_g,variance_g2,std_g,min_g,max_g,peak_hz,peak_g
212,x,100.000,10000,10000,0.033929,0.000000,0.000600,0.032104,0.035828,2.734,0.000305
212,y,100.000,10000,10000,0.035051,0.000000,0.000587,0.033508,0.036682,9.766,0.000278
212,z,100.000,10000,10000,-1.016830,0.000000,0.000649,-1.018677,-1.014771,19.922,0.000300
213,x,100.000,10000,10000,0.033879,0.000000,0.000620,0.031921,0.035339,3.125,0.000514
213,y,100.000,10000,10000,0.034919,0.000000,0.000538,0.033447,0.036255,6.250,0.000296
213,z,100.000,10000,10000,-1.016725,0.000000,0.000651,-1.018372,-1.015137,1.172,0.000381
214,x,100.000,10000,10000,0.034121,0.000000,0.000576,0.032471,0.035828,0.391,0.000273
214,y,100.000,10000,10000,0.035147,0.000000,0.000583,0.033752,0.036682,2.344,0.000309
214,z,100.000,10000,10000,-1.016564,0.000001,0.000722,-1.018311,-1.013367,0.391,0.000442
215,x,100.000,10000,10000,0.034134,0.000000,0.000682,0.032349,0.036194,0.391,0.000365
215,y,100.000,10000,10000,0.034995,0.000000,0.000553,0.033508,0.036682,4.688,0.000273
215,z,100.000,10000,10000,-1.016270,0.000001,0.000827,-1.019348,-1.013123,19.922,0.000332
216,x,100.000,10000,10000,0.034076,0.000000,0.000597,0.032471,0.035583,3.125,0.000332
216,y,100.000,10000,10000,0.035233,0.000000,0.000607,0.033630,0.036682,1.562,0.000355
216,z,100.000,10000,10000,-1.016449,0.000000,0.000646,-1.017944,-1.014771,19.922,0.000289
217,x,100.000,10000,10000,0.033952,0.000000,0.000540,0.032288,0.035217,1.172,0.000264
217,y,100.000,10000,10000,0.035326,0.000000,0.000539,0.033813,0.036804,1.953,0.000253
217,z,100.000,10000,10000,-1.016307,0.000000,0.000565,-1.017639,-1.014465,19.922,0.000323
218,x,100.000,10000,10000,0.034029,0.000000,0.000593,0.032349,0.035400,5.469,0.000306
218,y,100.000,10000,10000,0.035210,0.000000,0.000581,0.033936,0.036621,5.859,0.000304
218,z,100.000,10000,10000,-1.016201,0.000000,0.000690,-1.018921,-1.014709,19.922,0.000378
219,x,100.000,10000,10000,0.034314,0.000000,0.000536,0.033020,0.035767,0.781,0.000320
219,y,100.000,10000,10000,0.035625,0.000000,0.000601,0.034058,0.037292,1.562,0.000317
219,z,100.000,10000,10000,-1.016124,0.000000,0.000623,-1.017639,-1.014465,2.344,0.000316
