trial,block,start_index,end_index,center_time_s,fs_hz,fft_us,peak_hz,peak_magnitude,band_low_mag2,band_mid_mag2,band_high_mag2
still,0,60,123,2.221066,41.1909027,2945,0.643607855,0.000259536,1.1009936062771671e-07,1.0763323461181179e-08,7.145690867512146e-10
still,1,124,187,3.7745595,41.2047195,2914,1.28764749,0.000240692,1.1841936763354452e-07,5.298702460978214e-09,3.484793614274853e-10
still,2,188,251,5.3280605,41.1909294,2945,1.28721654,0.000233412,1.38194019866e-07,4.110625505831327e-09,2.68835331935437e-10
still,3,252,315,6.8818745,41.1883965,2959,1.28713739,0.000168183,4.6821071139529175e-08,3.2246451782579742e-09,5.181861493296036e-10
still,4,316,379,8.4354405,41.2042885,2928,0.643817008,0.000166226,5.15698115059718e-08,8.4222512718134e-09,3.430785663769257e-10
still,5,380,443,9.9889585,41.1904984,2947,0.643601537,0.000111338,2.5216377656606722e-08,2.088523773687247e-09,5.732390020314908e-10
still,6,444,507,11.5427405,41.1915207,2942,0.643617511,0.000168827,4.625390083210859e-08,2.8884631255739677e-09,5.132394484552294e-10
still,7,508,571,13.0962225,41.2047195,2939,0.643823743,0.000197111,6.530236289337623e-08,3.3043709163703544e-09,2.696261475041136e-10
still,8,572,635,14.6497325,41.1901207,2951,1.28719127,0.000131471,4.057614876426099e-08,1.15472203984051e-08,7.346014016757285e-10
still,9,636,699,16.2034965,41.1915741,2943,1.28723669,0.000121005,4.362279207960469e-08,4.815621190111669e-09,2.365665186028515e-09
still,10,700,763,17.7570725,41.2042351,2938,0.643816173,0.000218669,6.990289061372747e-08,1.15890872180472e-09,4.4338099977023485e-10
still,11,764,827,19.3105485,41.1922188,2930,2.57451367,0.00013321,3.6532798357928524e-08,5.0728782273105196e-09,7.23527438908077e-10
still,12,828,891,20.864024,41.2048569,2913,0.643825889,0.000147985,3.648146053755854e-08,1.1699963241267257e-08,4.4306506446116684e-10
still,13,892,955,22.4174645,41.1926498,2930,1.93090546,0.00048617,6.250373214689999e-07,8.402070275341233e-08,2.9220787588313337e-08
still,14,956,1019,23.9711915,41.1910896,2936,2.5744431,6.14042938e-05,8.322261682300243e-09,2.335829120110873e-09,4.931050654572176e-10
still,15,1020,1083,25.524678,41.2053947,2906,0.643834293,0.000492348,6.91784837514e-07,1.2255538818282648e-07,3.1086822698984884e-08
still,16,1084,1147,27.0781535,41.1903877,2926,0.643599808,0.000102829,1.541732385733583e-08,4.336931107086357e-09,6.032518172349401e-10
still,17,1148,1211,28.631889,41.1913872,2924,0.643615425,0.000210622,7.437965024283301e-08,6.7621621943067285e-09,6.040947497615988e-10
still,18,1212,1275,30.18543,41.2009773,2921,0.643765271,0.000211518,8.773760579327968e-08,4.718439656335731e-09,3.3347046278158617e-10
still,19,1276,1339,31.739031,41.1884232,2930,0.643569112,0.000126172,2.5394500394267936e-08,1.0000954429556025e-08,9.916422510208958e-10
still,20,1340,1403,33.292787,41.1923027,2969,1.93088913,0.000137607,2.9116443904996053e-08,3.1566610072030446e-09,4.133911028976428e-10
still,21,1404,1467,34.846272,41.2042084,2925,2.57526302,0.000104968,2.2269934414656587e-08,4.6748325214730885e-09,3.6115787360490703e-10
still,22,1468,1531,36.399804,41.1891785,2951,1.93074274,9.9793717e-05,1.8049364862100514e-08,3.667566994941178e-09,8.583691492516131e-10
still,23,1532,1595,37.9533835,41.2026176,2934,0.643790901,0.000123126,2.407672998271043e-08,4.037154835653963e-09,3.501746217071838e-10
still,24,1596,1659,39.50696,41.1888008,2941,0.643575013,0.000168722,6.523604588960502e-08,7.320393350171088e-09,5.951828840060502e-10
still,25,1660,1723,41.0607605,41.1906586,2940,0.64360404,0.000197752,7.12606529600885e-08,6.11862653370594e-09,4.1448791608016884e-10
still,26,1724,1787,42.614271,41.2043724,2910,0.643818319,0.000133696,3.379672081200848e-08,3.0752846840012425e-09,9.126706469386962e-10
still,27,1788,1851,44.167782,41.1891785,2924,0.643580914,0.000155067,4.2800818576728033e-08,9.797620927662249e-09,6.976331132280921e-10
still,28,1852,1915,45.7216175,41.1878052,2927,1.93067837,0.000137876,3.424801258443148e-08,2.2895237288167016e-09,4.523904778014553e-10
still,29,1916,1979,47.275205,41.2018929,2913,0.643779576,0.000110744,3.0794410191898374e-08,2.883812940809022e-09,1.0137106802078998e-09
still,30,1980,2043,48.8288035,41.1876411,2922,0.643556893,0.000115823,2.055896089157522e-08,3.735752215551899e-09,8.086556243465679e-10
still,31,2044,2107,50.3826345,41.1891518,2925,1.28716099,0.000189765,7.342125918801253e-08,2.1204062797266897e-09,4.92805833425979e-10
still,32,2108,2171,51.936192,41.2026482,2939,1.28758276,0.000203661,8.67891004394075e-08,5.193882841782049e-09,3.799078271546849e-10
still,33,2172,2235,53.489781,41.1878319,2960,1.28711975,0.000198735,8.833164314488349e-08,1.1357661305226196e-09,5.55024005376807e-10
still,34,2236,2299,55.0435925,41.1913605,2946,0.643615007,0.000207841,6.926426781488039e-08,6.764134893964856e-09,9.625386406242995e-10
still,35,2300,2363,56.5972285,41.2025642,2923,0.643790066,0.000105628,2.289888116287551e-08,4.412034596362534e-09,1.129772081563732e-09
still,36,2364,2427,58.1507255,41.1920052,2924,1.28725016,0.000183334,6.103278351450542e-08,5.883235748455941e-09,3.474595192055521e-10
still,37,2428,2491,59.704279,41.1999512,2917,0.643749237,0.000323094,1.66244007545e-07,7.610708647044214e-09,3.0122223492435423e-10
still,38,2492,2555,61.2578515,41.1902809,2930,1.28719628,0.000154422,4.188397619488105e-08,2.4284134509661413e-09,3.4425564189592115e-10
still,39,2556,2619,62.81163,41.1891785,2968,0.643580914,0.000132835,3.318485858275865e-08,7.177361659613608e-09,5.618817004812561e-10
still,40,2620,2683,64.3652395,41.2007866,2930,1.28752458,0.000125223,4.07491336117363e-08,2.6586109176814414e-09,9.666482318239328e-10
still,41,2684,2747,65.9188395,41.1892052,2947,2.57432532,5.78714999e-05,9.061224611195772e-09,2.7109333949266756e-09,7.882178629470445e-10
still,42,2748,2811,67.472685,41.1877251,2945,1.28711641,0.000201382,1.0137470504888879e-07,4.889019791185724e-09,4.86612281528884e-10
still,43,2812,2875,69.0262355,41.2049904,2912,1.93148398,0.000236597,1.180139258723887e-07,2.7409818805896055e-09,5.840591806332209e-10
still,44,2876,2939,70.5797765,41.1870499,2929,1.28709531,0.000152973,6.4963662287e-08,5.5718413372322465e-09,3.281023994126192e-10
tap,0,60,123,2.22121,41.1846008,2924,1.28701878,0.000118651,3.2612606816491595e-08,3.6934736906541255e-09,4.2118436947088375e-10
tap,1,124,187,3.77487,41.2014084,2933,0.643772006,0.000133299,4.431768510068562e-08,8.120097338188488e-09,8.868166143105891e-10
tap,2,188,251,5.328533,41.1854057,2916,0.643521965,0.001599634,7.745996002685e-06,1.6916380068129998e-06,7.944486686340459e-07
tap,3,252,315,6.8824035,41.1892586,2914,2.57432866,0.000348567,2.1609263340051772e-07,1.2149919977415836e-07,8.985746018165973e-09
tap,4,316,379,8.4359575,41.2026749,2908,0.643791795,0.00042374,2.664363382437315e-07,2.883509750089478e-08,9.155347135778273e-09
tap,5,380,443,9.989548,41.1870766,2916,1.93064427,0.000316067,3.3116036767e-07,5.8664038972185044e-08,2.156049593391094e-08
tap,6,444,507,11.543418,41.1876678,2912,1.28711462,0.001465554,4.8448545613300004e-06,6.011663226892551e-07,2.023295407345603e-07
tap,7,508,571,13.0970135,41.2017555,2905,0.64377743,0.000715588,6.45050177893e-07,1.0053531046231207e-07,2.563757403074862e-08
tap,8,572,635,14.650609,41.1878319,2922,2.57423949,0.001815723,1.0186764372497999e-05,3.481365186003e-06,5.512792955275709e-07
tap,9,636,699,16.2044685,41.1885033,2916,2.57428145,0.000788812,1.2384786008909998e-06,1.0208194389660343e-06,1.1599468842664707e-07
tap,10,700,763,17.758166,41.199791,2907,1.28749347,0.001522369,6.538030597901e-06,5.796315883647054e-07,1.994509488403747e-07
tap,11,764,827,19.3117425,41.1904984,2944,0.643601537,0.001155191,3.667168741446e-06,6.700805361656913e-07,1.1696168655369519e-07
tap,12,828,891,20.8652775,41.2027817,2917,1.93138039,0.001348098,3.43570829705e-06,7.852358517163343e-07,3.655102385899732e-07
tap,13,892,955,22.418864,41.1878853,2913,1.93068218,0.001229595,4.34536313705e-06,1.6045596421163438e-06,7.728166460265915e-07
tap,14,956,1019,23.9726945,41.1889877,2915,1.28715587,0.002497641,1.3211856917455e-05,1.6163098998879517e-06,3.263904889779234e-07
tap,15,1020,1083,25.5262345,41.2041283,2928,0.643814504,0.000800302,1.564415909016e-06,4.539940683088657e-07,1.2315894505938123e-07
tap,16,1084,1147,27.0798315,41.1866188,2946,1.28708184,0.002139073,1.1898204120497999e-05,1.944877641844113e-06,3.1425650958676296e-07
tap,17,1148,1211,28.633737,41.1877785,2953,1.93067718,0.001468075,6.225243992733999e-06,2.1397208684847823e-06,1.3228116888771667e-07
tap,18,1212,1275,30.1874095,41.1993332,2917,1.28747916,0.002136911,1.0473742891491998e-05,2.1604475817816206e-06,1.0059353166557909e-06
tap,19,1276,1339,31.7410855,41.1869431,2942,0.643545985,0.000630137,6.264115625415059e-07,3.169425168723294e-08,2.1435103872359996e-08
tap,20,1340,1403,33.2949685,41.1881256,2939,3.21782231,0.001553889,4.720065980778999e-06,3.696091174148274e-06,6.0930159290316e-07
tap,21,1404,1467,34.848566,41.2022171,2900,2.57513857,0.001005184,2.890340071432e-06,1.0857353773705322e-06,1.8723330418332407e-07
tap,22,1468,1531,36.402194,41.185894,2927,1.93058872,0.001078009,3.4340829778760005e-06,7.75481231788972e-07,1.3379676623119935e-07
tap,23,1532,1595,37.955824,41.2023239,2889,0.643786311,0.000868952,1.5197850994899998e-06,2.986685093679384e-07,1.8656264128271405e-07
tap,24,1596,1659,39.509417,41.1873474,2911,1.28710461,0.000408225,3.65397630948e-07,1.4513959933545711e-08,2.008091768776858e-08
tap,25,1660,1723,41.0632695,41.1880188,2910,2.57425117,0.000566296,7.21789520422e-07,4.0859320342683023e-07,5.434741501835521e-08
tap,26,1724,1787,42.616868,41.2012978,2935,0.643770278,0.000722046,8.29969346138e-07,1.2655715506207705e-07,2.2954845133034627e-08
tap,27,1788,1851,44.17057,41.1836319,2955,1.2869885,0.000540937,4.1255264018899996e-07,8.743867051642273e-08,2.6095450923147312e-08
tap,28,1852,1915,45.7245595,41.1860809,2918,0.643532515,0.000926654,1.0238440017819998e-06,2.130379977114129e-07,4.3743234303309606e-08
tap,29,1916,1979,47.27821,41.2006531,2923,0.643760204,0.00088445,1.569776604321e-06,4.883152669228953e-07,2.7208891011336034e-07
tap,30,1980,2043,48.831922,41.1853523,2935,1.93056345,0.001460171,5.9981172942300004e-06,1.65195900726121e-06,1.301363488288983e-07
tap,31,2044,2107,50.3858705,41.1871033,2947,1.93064547,0.000492594,6.97810963713e-07,2.176871290811278e-07,1.5985650640002815e-08
tap,32,2108,2171,51.939541,41.1999512,2916,1.28749847,0.000296348,2.27045083203e-07,2.7292967133156233e-07,1.894759014994089e-07
tap,33,2172,2235,53.4932,41.1865921,2941,1.287081,0.001299286,4.623420508886999e-06,5.641517225412935e-07,1.555415430521693e-07
tap,34,2236,2299,55.0470285,41.1915207,2933,1.28723502,0.002228126,1.1600852153452002e-05,7.766497130906243e-07,3.261671636708713e-07
tap,35,2300,2363,56.600666,41.2008133,2920,0.643762708,0.000277183,1.121922490054593e-07,3.1206546072888655e-09,6.372616888984163e-10
tap,36,2364,2427,58.154273,41.1883698,2921,0.643568277,8.04892904e-05,1.525042507601929e-08,4.13681885926708e-09,6.980202722922143e-10
tap,37,2428,2491,59.7078905,41.1998711,2937,0.643747985,0.000216043,6.014734774545378e-08,6.086557813523397e-09,7.24697778315991e-10
tap,38,2492,2555,61.261571,41.1865387,2954,0.643539667,0.000113062,2.917587839322339e-08,1.3259364235871524e-08,5.754759667406635e-10
tap,39,2556,2619,62.815467,41.1882629,2955,0.643566608,0.00014686,4.653844322317256e-08,7.119763872223246e-09,4.0566543126600227e-10
tap,40,2620,2683,64.3690985,41.2005196,2912,3.21879053,0.002497075,9.411203959831e-06,1.0285910045868e-05,1.2440837400089681e-06
tap,41,2684,2747,65.922719,41.1883698,2928,2.57427311,0.001355329,6.017554668028e-06,9.569190007870001e-07,2.1101317561644947e-07
tap,42,2748,2811,67.476584,41.1878319,2929,1.93067956,0.00189397,8.681339676885e-06,1.1381412526229996e-06,3.6667870996832523e-07
tap,43,2812,2875,69.030186,41.2022171,2904,1.93135393,0.001292861,5.314174221233e-06,1.0927499820847177e-06,3.44009835475857e-07
tap,44,2876,2939,70.583769,41.1878853,2920,1.28712142,0.000808953,2.078846968159e-06,5.072541741974438e-07,1.2734950197181925e-07
tilt,0,60,123,2.221206,41.1850853,2954,1.28703392,0.000461153,5.50408944199e-07,1.5074177522617873e-07,2.7469673537077673e-08
tilt,1,124,187,3.7748775,41.2022438,2936,1.93135524,0.000184582,5.740612539544312e-08,3.216601579606049e-08,1.9197296301412197e-09
tilt,2,188,251,5.328513,41.1860542,2953,3.21766043,0.000127757,3.4242754896107825e-08,3.9684976585465084e-08,3.439146809879808e-09
tilt,3,252,315,6.882474,41.1853523,2914,0.64352113,0.000834118,9.357460417510001e-07,6.618658263868764e-07,2.7105073925343288e-08
tilt,4,316,379,8.4361355,41.2004089,2934,0.64375639,0.011266205,0.000132586591066166,2.751407732695767e-06,2.634983925130297e-07
tilt,5,380,443,9.9897805,41.1888809,2940,0.643576264,0.033270679,0.0011509978493300498,1.1628821655899e-05,1.315279684287e-06
tilt,6,444,507,11.5436715,41.1861877,2937,0.643534184,0.013159509,0.000195842238643494,2.6498906632640006e-06,3.5746839758973594e-07
tilt,7,508,571,13.097362,41.1993065,2962,0.643739164,0.028016662,0.0008218741850823661,4.663550660220999e-06,1.0979339831240002e-06
tilt,8,572,635,14.6510985,41.1834946,2931,0.643492103,0.021637414,0.000499134734221959,4.056800843961e-06,7.484105794134112e-07
tilt,9,636,699,16.2049905,41.1898499,2941,0.643591404,0.009076894,9.2901357037097e-05,7.698931195041776e-07,1.3678941130247197e-07
tilt,10,700,763,17.75864,41.2018394,2909,0.643778741,0.000676809,9.863768179739999e-07,1.8856507815326684e-07,1.5071077667073205e-08
tilt,11,764,827,19.3122345,41.1879654,2919,0.643561959,0.000157585,4.8393726226881284e-08,6.62403293153679e-08,5.584737244486085e-09
tilt,12,828,891,20.865849,41.2005997,2899,1.28751874,0.002226201,1.5250467309006e-05,1.3068609876257657e-06,4.592057289080736e-08
tilt,13,892,955,22.4194515,41.1881256,2924,0.643564463,0.012881058,0.00018191597564179803,3.63567482648e-06,4.502559905188548e-07
tilt,14,956,1019,23.973267,41.1894989,2954,0.64358592,0.013420564,0.00020571615344896902,3.3879624265179995e-06,3.889812244340938e-07
tilt,15,1020,1083,25.526881,41.2005463,2915,0.643758535,0.016033942,0.00027347149663194993,3.690490214729717e-06,3.5592199195322456e-07
tilt,16,1084,1147,27.0805255,41.1863518,2979,0.643536747,0.002467585,1.0930770473554e-05,1.128536475141818e-06,1.3849236597925748e-08
tilt,17,1148,1211,28.634489,41.1849213,2945,0.643514395,0.026575916,0.0007604360813508901,7.638165071815e-06,1.0814142404140002e-06
tilt,18,1212,1275,30.1881985,41.1999779,2902,0.643749654,0.01817869,0.00034993028200326306,9.546636632247001e-06,6.275816660028149e-07
tilt,19,1276,1339,31.7418215,41.187912,2921,1.93068337,0.001172046,2.5087556886069997e-06,9.376390302233946e-07,3.2782840230817105e-08
tilt,20,1340,1403,33.295717,41.185894,2918,1.93058872,0.00031527,1.9309605493885067e-07,1.0557296706431029e-07,2.950770627109688e-09
tilt,21,1404,1467,34.849369,41.2001686,2931,0.643752635,0.013355023,0.00018829556154675002,7.130356472584156e-07,2.5660869299213815e-07
tilt,22,1468,1531,36.403073,41.1839523,2942,0.643499255,0.015990838,0.00027288888538188006,1.565598725803e-06,3.852369379811262e-07
tilt,23,1532,1595,37.956803,41.1994667,2920,0.643741667,0.015132159,0.000234430701868062,2.158293562545e-06,3.7503321185769936e-07
tilt,24,1596,1659,39.51051,41.1840057,2978,0.64350009,0.001404581,2.865154873355e-06,1.4487693624846228e-07,3.52092517370632e-09
tilt,25,1660,1723,41.0644985,41.1854362,2954,0.643522441,0.033658218,0.0011669724875529588,5.683619280435e-06,1.393067398636e-06
tilt,26,1724,1787,42.6181705,41.2006798,2932,0.643760622,0.012953953,0.000171974836660804,1.3483421329020003e-06,3.3344553296414404e-07
tilt,27,1788,1851,44.171843,41.1856232,2950,0.643525362,0.00014671,5.969141323339222e-08,3.078433201100609e-08,7.7241099508241e-09
tilt,28,1852,1915,45.7258065,41.1858635,2953,0.643529117,0.005808511,4.6564571412251e-05,8.051626442016073e-06,8.125764741951315e-08
tilt,29,1916,1979,47.2794715,41.2006798,2910,0.643760622,0.006851309,5.0429064791995e-05,2.022053059743384e-06,2.448825406018582e-07
tilt,30,1980,2043,48.833134,41.1849785,2969,0.643515289,0.013660098,0.00020598895771935602,3.737393987079e-06,4.3483251068842146e-07
tilt,31,2044,2107,50.387101,41.1868629,2961,0.643544734,0.009444375,9.241416828915499e-05,3.474698367324144e-06,1.7875969723523744e-07
tilt,32,2108,2171,51.9407595,41.2000313,2921,0.643750489,0.011483331,0.000164135468028729,3.2185178300830006e-06,3.1390804449705183e-07
tilt,33,2172,2235,53.494404,41.1874008,2927,0.643553138,0.030385386,0.000944172147002228,6.031804766469e-06,1.1037231732860733e-06
tilt,34,2236,2299,55.0482725,41.1878586,2949,0.64356029,0.001783579,6.270342112239e-06,1.16891288109825e-06,2.3464525880238362e-08
tilt,35,2300,2363,56.6020085,41.1994934,2926,3.21871042,0.000287183,1.5582271456600001e-07,3.281420251280178e-07,5.503581345731307e-08
tilt,36,2364,2427,58.1555975,41.1908188,2925,0.643606544,0.000161425,5.1481244973756244e-08,6.568891164606719e-09,8.607760082790063e-10
tilt,37,2428,2491,59.709126,41.2022705,2905,1.28757095,9.8435898e-05,2.1841500723828168e-08,4.136587131962491e-09,1.0911898206105991e-09
tilt,38,2492,2555,61.2626705,41.1898499,2924,1.28718281,0.000203472,7.489093442841393e-08,2.934414352645009e-09,5.20894413375392e-10
tilt,39,2556,2619,62.8164305,41.1906586,2958,1.28720808,0.000227225,1.78059472591e-07,4.9074197964651816e-08,1.347495354971097e-08
tilt,40,2620,2683,64.369997,41.2017822,2937,0.643777847,0.000127704,2.4339608031238197e-08,2.5722408192886256e-09,2.705344492611802e-10
tilt,41,2684,2747,65.9236015,41.1880188,2943,0.643562794,0.000152865,3.241534814957274e-08,3.031727274842282e-09,2.258829335196471e-10
tilt,42,2748,2811,67.477433,41.1893387,2942,1.93075025,8.24917358e-05,1.6983908993445887e-08,4.711637214989125e-09,6.985706017239902e-10
tilt,43,2812,2875,69.0310615,41.2000847,2927,0.643751323,0.000225269,9.08106959218717e-08,9.901542287145682e-09,5.142640188876567e-10
tilt,44,2876,2939,70.584742,41.1851387,2941,1.28703558,0.000179209,5.871972816517688e-08,5.382292083281205e-09,1.2769569511466247e-09
lift,0,60,123,2.221197,41.18573,2935,1.93058109,0.003079759,2.2493799392263e-05,1.0407386411389001e-05,8.417931346022934e-07
lift,1,124,187,3.774841,41.2023239,2910,0.643786311,0.000188691,1.0054908506674651e-07,2.9081707534369986e-08,2.7235503956688896e-09
lift,2,188,251,5.328418,41.1890678,2943,0.643579185,0.023619585,0.000669410109079338,7.1949300648059986e-06,4.7337327490661555e-07
lift,3,252,315,6.8822475,41.1889343,2950,0.643577099,0.073434167,0.009355364195565045,5.648870136579e-06,5.194564408697939e-07
lift,4,316,379,8.4358465,41.2015953,2904,3.21887469,0.004421544,2.9448671641905998e-05,3.0342054367289068e-05,3.101497370214709e-07
lift,5,380,443,9.9894565,41.1871567,2918,0.643549323,0.013545346,0.00020576669969665199,6.758867199931e-06,1.582672773009e-06
lift,6,444,507,11.5433465,41.1869965,2962,0.64354682,0.077998079,0.010510264298169203,4.3449147283483e-05,1.542878184277018e-06
lift,7,508,571,13.096979,41.201622,2929,0.643775344,0.001888899,5.891908429578e-06,3.649994771858905e-06,4.082655160732973e-08
lift,8,572,635,14.6506595,41.1841965,2948,0.64350307,0.006047569,4.1896880211882e-05,3.9235322725230005e-06,1.1675524266489999e-06
lift,9,636,699,16.2045575,41.1904411,2951,0.643600643,0.093175434,0.014017873651429529,8.597893257609502e-05,9.255145215148414e-07
lift,10,700,763,17.7581905,41.2023506,2917,0.643786728,0.004003314,1.9299401659871e-05,3.851639288700445e-07,6.774475332667642e-08
lift,11,764,827,19.311723,41.190361,2928,0.643599391,0.033133723,0.0016149838212099017,2.9780454574130003e-06,5.584568316370098e-07
lift,12,828,891,20.8652725,41.2014885,2937,0.643773258,0.072138816,0.007104754395250196,1.3216014155026999e-05,4.96369088878172e-07
lift,13,892,955,22.418877,41.1884766,2954,1.28713989,0.000580028,6.0182991993e-07,4.045614798642394e-07,8.403368867453683e-09
lift,14,956,1019,23.972752,41.1878853,2954,1.28712142,0.11987555,0.030615891082963954,0.000109592710169296,6.764714527322225e-07
lift,15,1020,1083,25.526368,41.2012444,2904,0.643769443,0.013091086,0.000182897131617033,2.278717578921e-06,5.767571789735193e-07
lift,16,1084,1147,27.079944,41.1891785,2915,0.643580914,0.000377763,1.9849972579460996e-07,6.166646334636009e-08,2.6059997123114742e-08
lift,17,1148,1211,28.6338125,41.1852722,2931,0.643519878,0.112354249,0.021740268441438688,3.883371807690014e-05,1.7192425857193193e-07
lift,18,1212,1275,30.187463,41.2012978,2905,0.643770278,0.004062166,1.8794866068578e-05,1.217030150905391e-06,9.440799359671927e-08
lift,19,1276,1339,31.741076,41.1872368,2920,0.643550575,0.019319158,0.00044135333880477293,4.929270632028999e-06,1.048770770434e-06
lift,20,1340,1403,33.294942,41.1877251,2946,0.643558204,0.08839608,0.012258121663010864,1.4367805337794e-05,1.0139412779790001e-06
lift,21,1404,1467,34.848567,41.2010841,2909,0.64376694,0.001379295,2.3798485208510003e-06,4.519935065779746e-08,7.0488543604701055e-09
lift,22,1468,1531,36.4021985,41.1866722,2941,0.643541753,0.104094923,0.02257110905001742,9.033030808976598e-05,6.571315820308487e-07
lift,23,1532,1595,37.9558625,41.2007866,2906,0.64376229,0.017569903,0.0005344712222179781,1.4759954650377001e-05,3.0932548721927377e-07
lift,24,1596,1659,39.509465,41.1881523,2954,0.64356488,0.001533794,2.5216757287690004e-06,4.1721214050899993e-07,1.6073611232375836e-07
lift,25,1660,1723,41.063335,41.1883163,2955,0.643567443,0.113325492,0.01882052031507477,2.7983724287308385e-05,5.476622885321847e-07
lift,26,1724,1787,42.616993,41.1996841,2904,0.643745065,0.005208375,3.0879287456771e-05,1.335997016928e-06,1.9141722377884432e-07
lift,27,1788,1851,44.1706205,41.1879654,2934,0.643561959,0.090381943,0.016033021279053976,5.8095698274196e-05,2.3406986820830003e-06
lift,28,1852,1915,45.7244935,41.1878052,2921,0.643559456,0.03326688,0.0017850236668644776,1.1164956373153001e-05,2.198212086855e-06
lift,29,1916,1979,47.2780875,41.2013245,2926,0.643770695,0.001221354,2.106678422104e-06,6.86864018779638e-07,7.78900923789764e-08
lift,30,1980,2043,48.831699,41.1882095,2943,0.643565774,0.106412694,0.021287909852510212,8.033507810948399e-05,5.03315590959641e-07
lift,31,2044,2107,50.385584,41.1870766,2931,0.643548071,0.018316191,0.0005622283447203109,5.52100272964117e-06,7.26250267137153e-07
lift,32,2108,2171,51.939221,41.2002754,2911,0.643754303,0.028625723,0.001083325923704029,1.6479044864158645e-05,8.818995680585454e-08
lift,33,2172,2235,53.4928535,41.1871567,2957,0.643549323,0.072094679,0.006694532617187786,6.24521643742026e-05,1.6521859215399956e-07
lift,34,2236,2299,55.046705,41.1898766,2946,0.643591821,0.001300967,2.2247465877900003e-06,7.810613253709559e-08,1.003144797308281e-08
lift,35,2300,2363,56.60039,41.2001686,2930,0.643752635,0.104366526,0.0218525340724126,0.00010017511249200902,1.778951543678755e-07
lift,36,2364,2427,58.154031,41.1869164,2944,0.643545568,0.014680387,0.00033698694820306197,1.0353217511448354e-05,7.585435674514726e-08
lift,37,2428,2491,59.7076655,41.2013817,2913,0.643771589,0.015646387,0.00028502500304169304,7.334680401654999e-06,1.3312674743700001e-06
lift,38,2492,2555,61.261325,41.18573,2930,0.643527031,0.084073074,0.011449678078939344,6.674815667481999e-06,1.609531598921e-06
lift,39,2556,2619,62.815191,41.1894455,2955,3.21792555,0.00178298,5.8455604270249994e-06,4.926344063304202e-06,1.108257263190782e-07
lift,40,2620,2683,64.368759,41.2025909,2932,0.643790483,0.092119157,0.016991632857406347,0.000281714305255746,7.200436249078974e-07
lift,41,2684,2747,65.9223725,41.1864586,2922,0.643538415,0.022437489,0.0009311361542020112,9.15960869029834e-06,4.3707820258397594e-07
lift,42,2748,2811,67.476262,41.1870766,2922,0.643548071,0.001190247,2.744240916715e-06,2.9084451926802596e-07,1.3885311854658621e-08
lift,43,2812,2875,69.0298875,41.20084,2911,0.643763125,0.000244713,8.783618859864559e-08,7.090534399746767e-09,5.365414864339724e-10
lift,44,2876,2939,70.583523,41.1864853,2959,0.643538833,0.000222187,6.494426140012084e-08,3.203613891447299e-09,6.618153402435108e-10
